UMB ID;ΠΑΙΚΤΗΣ;ΣΤΗΛΗ;ΤΟΥΡΝΟΥΑ;ΠΟΝΤΟΙ (ποινή)
0268;KIM Haeng Jik;G;WC Μπογκοτά 2026;-16
2027;NGUYEN Tran Thanh Tu;J;WC Πόρτο 2026;-8
2250;DAO Van Ly;H;WC Χο Τσι Μινχ 2026;-8
0441;JORISSEN Jeffrey;G;WC Μπογκοτά 2026;-8
0121;SALAZAR Alexander;I;WC Άγκυρα 2026;-16
2106;KABAK Gurhan;K;WC Λιρ 2026;-8
0223;PENNOR David;H;WC Χο Τσι Μινχ 2026;-16
0186;VERA Javier;J;WC Πόρτο 2026;-8
2978;NGUYEN Hoan Tat;J;WC Πόρτο 2026;-8
2283;D AGATA Alessio;G;WC Μπογκοτά 2026;-8
3513;CERKEZ Ataberk;H;WC Χο Τσι Μινχ 2026;-8
1584;DE KRUIJF Jordy;I;WC Άγκυρα 2026;-16
2601;DE KOK Joey;G;WC Μπογκοτά 2026;-8
3165;PRASSAS Konstantinos;I;WC Άγκυρα 2026;-8
0408;BASEGMEZ Emrullah;E;WC Σεούλ 2025;-16
2176;KILICASLAN Aziz;G;WC Μπογκοτά 2026;-8
0293;KOKKORIS Kostantinos;G;WC Μπογκοτά 2026;-16
3408;CAN Cengiz;E;WC Σεούλ 2025;-8
3233;LUAN Nguyen Dinh;I;WC Άγκυρα 2026;-16
0386;PIZA Alejandro;I;WC Άγκυρα 2026;-16
2516;BULUT Recep;G;WC Μπογκοτά 2026;-8
0267;SPRUZINA Frank;E;WC Σεούλ 2025;-8
0215;LINDEMANN Ronny;F;WC Σαρμ 2025;-16
0349;CAVUSOGLU Muhammed;E;WC Σεούλ 2025;-16
2341;MARECHAL Gwendal;H;WC Χο Τσι Μινχ 2026;-16
2341;MARECHAL Gwendal;J;WC Πόρτο 2026;-8
3634;JUNHYEOK Pyeon;B;WC Άγκυρα 2025;-8
3641;ANAHMIAS Yovi;K;WC Λιρ 2026;-8
3446;NAPOLONI Theo;J;WC Πόρτο 2026;-8
0258;BARTSOKAS Konstantinos;I;WC Άγκυρα 2026;-8
2365;MAHDI Fneish;B;WC Άγκυρα 2025;-8
0236;KARACA Cengiz;K;WC Λιρ 2026;-8
3723;ALEXANDROPOULOS Stefanos;J;WC Πόρτο 2026;-8
3770;CETIN Mustafa;J;WC Πόρτο 2026;-8
1997;SELEVENTAS Charis;I;WC Άγκυρα 2026;-8
0989;SANCHEZ Faraco Jaime;G;WC Μπογκοτά 2026;-8
3702;KESKIN Harun;G;WC Μπογκοτά 2026;-8
0838;TACHOIRE Adrien;E;WC Σεούλ 2025;-8
0838;TACHOIRE Adrien;I;WC Άγκυρα 2026;-8
0291;AGUILAR Mauricio;I;WC Άγκυρα 2026;-16
3138;GOKSU Volkan;E;WC Σεούλ 2025;-16
0387;CASTRILLON Arley;I;WC Άγκυρα 2026;-16
1510;GENC Burhan;I;WC Άγκυρα 2026;-16
3664;TURAN Halis;G;WC Μπογκοτά 2026;-8
3664;TURAN Halis;H;WC Χο Τσι Μινχ 2026;-8
3771;OZEN Mohamed;J;WC Πόρτο 2026;-16
3752;LEAL MUNIZ Gustavo;I;WC Άγκυρα 2026;-16
3459;AYDIN Ercan;G;WC Μπογκοτά 2026;-8
3459;AYDIN Ercan;H;WC Χο Τσι Μινχ 2026;-8
3045;BLANDON Ivan;G;WC Μπογκοτά 2026;-16
2221;CARRANCO Ricardo;G;WC Μπογκοτά 2026;-16
1588;KRUZLIC Robert;G;WC Μπογκοτά 2026;-16
3700;TRUONG Khai;G;WC Μπογκοτά 2026;-16
3701;LATSCH Klaus;G;WC Μπογκοτά 2026;-16
3665;SEVINCLI Aydin;E;WC Σεούλ 2025;-16
0601;KIM Jun Tae;B;WC Άγκυρα 2025;-8
0601;KIM Jun Tae;C;WC Πόρτο 2025;-8
2009;TRAN Duc Minh;B;WC Άγκυρα 2025;-8
2009;TRAN Duc Minh;C;WC Πόρτο 2025;-8
2675;CELIK Sabir;B;WC Άγκυρα 2025;-16
