ΣΤΗΛΗ;ΤΟΥΡΝΟΥΑ;ΚΑΤΑΤΑΞΗ;ΠΑΙΚΤΗΣ;UMB ID;ΤΙΜΗ UMB;ΔΙΚΗ ΜΑΣ ΤΙΜΗ;ΔΙΚΗ ΜΑΣ ΘΕΣΗ;ΤΑΙΡΙΑΣΜΑ;ΚΑΤΑΣΤΑΣΗ
A;Παγκόσμιο Μπλουά 2026;1;CHO Myung Woo;0364;18;18;11;UMB ID;ΙΔΙΟ
B;WC Άγκυρα 2025;1;CHO Myung Woo;0364;18;18;9;UMB ID;ΙΔΙΟ
C;WC Πόρτο 2025;1;CHO Myung Woo;0364;80;80;1;UMB ID;ΙΔΙΟ
D;WC Αντβέρπ 2025;1;CHO Myung Woo;0364;26;26;5;UMB ID;ΙΔΙΟ
E;WC Σεούλ 2025;1;CHO Myung Woo;0364;80;80;1;UMB ID;ΙΔΙΟ
F;WC Σαρμ 2025;1;CHO Myung Woo;0364;18;18;12;UMB ID;ΙΔΙΟ
G;WC Μπογκοτά 2026;1;CHO Myung Woo;0364;80;80;1;UMB ID;ΙΔΙΟ
H;WC Χο Τσι Μινχ 2026;1;CHO Myung Woo;0364;18;18;9;UMB ID;ΙΔΙΟ
I;WC Άγκυρα 2026;1;CHO Myung Woo;0364;80;80;1;UMB ID;ΙΔΙΟ
J;WC Πόρτο 2026;1;CHO Myung Woo;0364;26;26;6;UMB ID;ΙΔΙΟ
K;WC Λιρ 2026;1;CHO Myung Woo;0364;80;80;1;UMB ID;ΙΔΙΟ
A;Παγκόσμιο Μπλουά 2026;2;MERCKX Eddy;0111;80;80;1;UMB ID;ΙΔΙΟ
B;WC Άγκυρα 2025;2;MERCKX Eddy;0111;80;80;1;UMB ID;ΙΔΙΟ
C;WC Πόρτο 2025;2;MERCKX Eddy;0111;26;26;5;UMB ID;ΙΔΙΟ
D;WC Αντβέρπ 2025;2;MERCKX Eddy;0111;10;10;21;UMB ID;ΙΔΙΟ
E;WC Σεούλ 2025;2;MERCKX Eddy;0111;36;36;3;UMB ID;ΙΔΙΟ
F;WC Σαρμ 2025;2;MERCKX Eddy;0111;10;10;17;UMB ID;ΙΔΙΟ
G;WC Μπογκοτά 2026;2;MERCKX Eddy;0111;18;18;11;UMB ID;ΙΔΙΟ
H;WC Χο Τσι Μινχ 2026;2;MERCKX Eddy;0111;36;36;3;UMB ID;ΙΔΙΟ
I;WC Άγκυρα 2026;2;MERCKX Eddy;0111;18;18;14;UMB ID;ΙΔΙΟ
J;WC Πόρτο 2026;2;MERCKX Eddy;0111;80;80;1;UMB ID;ΙΔΙΟ
K;WC Λιρ 2026;2;MERCKX Eddy;0111;18;18;12;UMB ID;ΙΔΙΟ
A;Παγκόσμιο Μπλουά 2026;3;ZANETTI Marco;0105;18;18;9;UMB ID;ΙΔΙΟ
B;WC Άγκυρα 2025;3;ZANETTI Marco;0105;26;26;5;UMB ID;ΙΔΙΟ
C;WC Πόρτο 2025;3;ZANETTI Marco;0105;36;36;3;UMB ID;ΙΔΙΟ
D;WC Αντβέρπ 2025;3;ZANETTI Marco;0105;18;18;15;UMB ID;ΙΔΙΟ
E;WC Σεούλ 2025;3;ZANETTI Marco;0105;54;54;2;UMB ID;ΙΔΙΟ
F;WC Σαρμ 2025;3;ZANETTI Marco;0105;26;26;5;UMB ID;ΙΔΙΟ
G;WC Μπογκοτά 2026;3;ZANETTI Marco;0105;18;18;9;UMB ID;ΙΔΙΟ
H;WC Χο Τσι Μινχ 2026;3;ZANETTI Marco;0105;36;36;3;UMB ID;ΙΔΙΟ
I;WC Άγκυρα 2026;3;ZANETTI Marco;0105;36;36;3;UMB ID;ΙΔΙΟ
J;WC Πόρτο 2026;3;ZANETTI Marco;0105;10;10;19;UMB ID;ΙΔΙΟ
K;WC Λιρ 2026;3;ZANETTI Marco;0105;26;26;5;UMB ID;ΙΔΙΟ
A;Παγκόσμιο Μπλουά 2026;4;HORN Martin;0116;26;26;6;UMB ID;ΙΔΙΟ
B;WC Άγκυρα 2025;4;HORN Martin;0116;8;8;29;UMB ID;ΙΔΙΟ
C;WC Πόρτο 2025;4;HORN Martin;0116;10;10;23;UMB ID;ΙΔΙΟ
D;WC Αντβέρπ 2025;4;HORN Martin;0116;80;80;1;UMB ID;ΙΔΙΟ
E;WC Σεούλ 2025;4;HORN Martin;0116;26;26;5;UMB ID;ΙΔΙΟ
F;WC Σαρμ 2025;4;HORN Martin;0116;18;18;10;UMB ID;ΙΔΙΟ
G;WC Μπογκοτά 2026;4;HORN Martin;0116;36;36;3;UMB ID;ΙΔΙΟ
H;WC Χο Τσι Μινχ 2026;4;HORN Martin;0116;18;18;15;UMB ID;ΙΔΙΟ
I;WC Άγκυρα 2026;4;HORN Martin;0116;26;26;5;UMB ID;ΙΔΙΟ
J;WC Πόρτο 2026;4;HORN Martin;0116;26;26;5;UMB ID;ΙΔΙΟ
K;WC Λιρ 2026;4;HORN Martin;0116;8;8;25;UMB ID;ΙΔΙΟ
A;Παγκόσμιο Μπλουά 2026;5;JASPERS Dick;0106;10;10;20;UMB ID;ΙΔΙΟ
B;WC Άγκυρα 2025;5;JASPERS Dick;0106;26;26;8;UMB ID;ΙΔΙΟ
C;WC Πόρτο 2025;5;JASPERS Dick;0106;10;10;19;UMB ID;ΙΔΙΟ
D;WC Αντβέρπ 2025;5;JASPERS Dick;0106;10;10;17;UMB ID;ΙΔΙΟ
E;WC Σεούλ 2025;5;JASPERS Dick;0106;10;10;18;UMB ID;ΙΔΙΟ
F;WC Σαρμ 2025;5;JASPERS Dick;0106;36;36;3;UMB ID;ΙΔΙΟ
G;WC Μπογκοτά 2026;5;JASPERS Dick;0106;26;26;6;UMB ID;ΙΔΙΟ
H;WC Χο Τσι Μινχ 2026;5;JASPERS Dick;0106;26;26;7;UMB ID;ΙΔΙΟ
I;WC Άγκυρα 2026;5;JASPERS Dick;0106;54;54;2;UMB ID;ΙΔΙΟ
J;WC Πόρτο 2026;5;JASPERS Dick;0106;18;18;12;UMB ID;ΙΔΙΟ
K;WC Λιρ 2026;5;JASPERS Dick;0106;54;54;2;UMB ID;ΙΔΙΟ
A;Παγκόσμιο Μπλουά 2026;6;KARAKURT Berkay;1728;10;10;24;UMB ID;ΙΔΙΟ
B;WC Άγκυρα 2025;6;KARAKURT Berkay;1728;10;10;19;UMB ID;ΙΔΙΟ
C;WC Πόρτο 2025;6;KARAKURT Berkay;1728;18;18;13;UMB ID;ΙΔΙΟ
D;WC Αντβέρπ 2025;6;KARAKURT Berkay;1728;10;10;18;UMB ID;ΙΔΙΟ
E;WC Σεούλ 2025;6;KARAKURT Berkay;1728;10;10;22;UMB ID;ΙΔΙΟ
F;WC Σαρμ 2025;6;KARAKURT Berkay;1728;80;80;1;UMB ID;ΙΔΙΟ
G;WC Μπογκοτά 2026;6;KARAKURT Berkay;1728;26;26;7;UMB ID;ΙΔΙΟ
H;WC Χο Τσι Μινχ 2026;6;KARAKURT Berkay;1728;18;18;13;UMB ID;ΙΔΙΟ
I;WC Άγκυρα 2026;6;KARAKURT Berkay;1728;18;18;10;UMB ID;ΙΔΙΟ
J;WC Πόρτο 2026;6;KARAKURT Berkay;1728;36;36;3;UMB ID;ΙΔΙΟ
K;WC Λιρ 2026;6;KARAKURT Berkay;1728;36;36;3;UMB ID;ΙΔΙΟ
A;Παγκόσμιο Μπλουά 2026;7;TASDEMIR Tayfun;0112;36;36;3;UMB ID;ΙΔΙΟ
B;WC Άγκυρα 2025;7;TASDEMIR Tayfun;0112;18;18;16;UMB ID;ΙΔΙΟ
C;WC Πόρτο 2025;7;TASDEMIR Tayfun;0112;8;8;29;UMB ID;ΙΔΙΟ
D;WC Αντβέρπ 2025;7;TASDEMIR Tayfun;0112;54;54;2;UMB ID;ΙΔΙΟ
E;WC Σεούλ 2025;7;TASDEMIR Tayfun;0112;26;26;7;UMB ID;ΙΔΙΟ
F;WC Σαρμ 2025;7;TASDEMIR Tayfun;0112;26;26;7;UMB ID;ΙΔΙΟ
G;WC Μπογκοτά 2026;7;TASDEMIR Tayfun;0112;36;36;3;UMB ID;ΙΔΙΟ
H;WC Χο Τσι Μινχ 2026;7;TASDEMIR Tayfun;0112;26;26;6;UMB ID;ΙΔΙΟ
I;WC Άγκυρα 2026;7;TASDEMIR Tayfun;0112;8;8;25;UMB ID;ΙΔΙΟ
J;WC Πόρτο 2026;7;TASDEMIR Tayfun;0112;18;18;13;UMB ID;ΙΔΙΟ
K;WC Λιρ 2026;7;TASDEMIR Tayfun;0112;8;8;28;UMB ID;ΙΔΙΟ
A;Παγκόσμιο Μπλουά 2026;8;CAUDRON Frederic;0101;26;26;5;UMB ID;ΙΔΙΟ
B;WC Άγκυρα 2025;8;CAUDRON Frederic;0101;5;5;43;UMB ID;ΙΔΙΟ
C;WC Πόρτο 2025;8;CAUDRON Frederic;0101;26;26;6;UMB ID;ΙΔΙΟ
D;WC Αντβέρπ 2025;8;CAUDRON Frederic;0101;18;18;16;UMB ID;ΙΔΙΟ
E;WC Σεούλ 2025;8;CAUDRON Frederic;0101;26;26;6;UMB ID;ΙΔΙΟ
F;WC Σαρμ 2025;8;CAUDRON Frederic;0101;18;18;14;UMB ID;ΙΔΙΟ
G;WC Μπογκοτά 2026;8;CAUDRON Frederic;0101;18;18;14;UMB ID;ΙΔΙΟ
H;WC Χο Τσι Μινχ 2026;8;CAUDRON Frederic;0101;80;80;1;UMB ID;ΙΔΙΟ
I;WC Άγκυρα 2026;8;CAUDRON Frederic;0101;18;18;11;UMB ID;ΙΔΙΟ
J;WC Πόρτο 2026;8;CAUDRON Frederic;0101;10;10;21;UMB ID;ΙΔΙΟ
K;WC Λιρ 2026;8;CAUDRON Frederic;0101;18;18;11;UMB ID;ΙΔΙΟ
A;Παγκόσμιο Μπλουά 2026;9;SIDHOM Sameh;0128;36;36;3;UMB ID;ΙΔΙΟ
B;WC Άγκυρα 2025;9;SIDHOM Sameh;0128;36;36;3;UMB ID;ΙΔΙΟ
C;WC Πόρτο 2025;9;SIDHOM Sameh;0128;8;8;28;UMB ID;ΙΔΙΟ
D;WC Αντβέρπ 2025;9;SIDHOM Sameh;0128;26;26;6;UMB ID;ΙΔΙΟ
E;WC Σεούλ 2025;9;SIDHOM Sameh;0128;18;18;11;UMB ID;ΙΔΙΟ
F;WC Σαρμ 2025;9;SIDHOM Sameh;0128;54;54;2;UMB ID;ΙΔΙΟ
G;WC Μπογκοτά 2026;9;SIDHOM Sameh;0128;26;26;5;UMB ID;ΙΔΙΟ
H;WC Χο Τσι Μινχ 2026;9;SIDHOM Sameh;0128;10;10;18;UMB ID;ΙΔΙΟ
I;WC Άγκυρα 2026;9;SIDHOM Sameh;0128;18;18;9;UMB ID;ΙΔΙΟ
J;WC Πόρτο 2026;9;SIDHOM Sameh;0128;8;8;26;UMB ID;ΙΔΙΟ
K;WC Λιρ 2026;9;SIDHOM Sameh;0128;18;18;9;UMB ID;ΙΔΙΟ
A;Παγκόσμιο Μπλουά 2026;10;BAO Phuong Vinh;2980;54;54;2;UMB ID;ΙΔΙΟ
B;WC Άγκυρα 2025;10;BAO Phuong Vinh;2980;18;18;14;UMB ID;ΙΔΙΟ
C;WC Πόρτο 2025;10;BAO Phuong Vinh;2980;8;8;26;UMB ID;ΙΔΙΟ
D;WC Αντβέρπ 2025;10;BAO Phuong Vinh;2980;36;36;3;UMB ID;ΙΔΙΟ
E;WC Σεούλ 2025;10;BAO Phuong Vinh;2980;5;5;33;UMB ID;ΙΔΙΟ
F;WC Σαρμ 2025;10;BAO Phuong Vinh;2980;18;18;9;UMB ID;ΙΔΙΟ
G;WC Μπογκοτά 2026;10;BAO Phuong Vinh;2980;8;8;29;UMB ID;ΙΔΙΟ
H;WC Χο Τσι Μινχ 2026;10;BAO Phuong Vinh;2980;18;18;14;UMB ID;ΙΔΙΟ
I;WC Άγκυρα 2026;10;BAO Phuong Vinh;2980;36;36;3;UMB ID;ΙΔΙΟ
J;WC Πόρτο 2026;10;BAO Phuong Vinh;2980;10;10;20;UMB ID;ΙΔΙΟ
K;WC Λιρ 2026;10;BAO Phuong Vinh;2980;36;36;3;UMB ID;ΙΔΙΟ
A;Παγκόσμιο Μπλουά 2026;11;HOFMAN Glenn;0129;18;18;16;όνομα;ΙΔΙΟ
B;WC Άγκυρα 2025;11;HOFMAN Glenn;0129;36;36;3;όνομα;ΙΔΙΟ
C;WC Πόρτο 2025;11;HOFMAN Glenn;0129;18;18;12;όνομα;ΙΔΙΟ
D;WC Αντβέρπ 2025;11;HOFMAN Glenn;0129;36;36;3;όνομα;ΙΔΙΟ
E;WC Σεούλ 2025;11;HOFMAN Glenn;0129;36;36;3;όνομα;ΙΔΙΟ
F;WC Σαρμ 2025;11;HOFMAN Glenn;0129;5;5;47;όνομα;ΙΔΙΟ
G;WC Μπογκοτά 2026;11;HOFMAN Glenn;0129;18;18;16;όνομα;ΙΔΙΟ
H;WC Χο Τσι Μινχ 2026;11;HOFMAN Glenn;0129;5;5;48;όνομα;ΙΔΙΟ
I;WC Άγκυρα 2026;11;HOFMAN Glenn;0129;18;18;16;όνομα;ΙΔΙΟ
J;WC Πόρτο 2026;11;HOFMAN Glenn;0129;18;18;14;όνομα;ΙΔΙΟ
K;WC Λιρ 2026;11;HOFMAN Glenn;0129;26;26;7;όνομα;ΙΔΙΟ
A;Παγκόσμιο Μπλουά 2026;12;HEO Jung Han;0131;26;26;8;UMB ID;ΙΔΙΟ
B;WC Άγκυρα 2025;12;HEO Jung Han;0131;18;18;11;UMB ID;ΙΔΙΟ
C;WC Πόρτο 2025;12;HEO Jung Han;0131;8;8;25;UMB ID;ΙΔΙΟ
D;WC Αντβέρπ 2025;12;HEO Jung Han;0131;10;10;22;UMB ID;ΙΔΙΟ
E;WC Σεούλ 2025;12;HEO Jung Han;0131;18;18;13;UMB ID;ΙΔΙΟ
F;WC Σαρμ 2025;12;HEO Jung Han;0131;10;10;18;UMB ID;ΙΔΙΟ
G;WC Μπογκοτά 2026;12;HEO Jung Han;0131;5;5;34;UMB ID;ΙΔΙΟ
H;WC Χο Τσι Μινχ 2026;12;HEO Jung Han;0131;26;26;5;UMB ID;ΙΔΙΟ
I;WC Άγκυρα 2026;12;HEO Jung Han;0131;18;18;15;UMB ID;ΙΔΙΟ
J;WC Πόρτο 2026;12;HEO Jung Han;0131;54;54;2;UMB ID;ΙΔΙΟ
K;WC Λιρ 2026;12;HEO Jung Han;0131;18;18;13;UMB ID;ΙΔΙΟ
A;Παγκόσμιο Μπλουά 2026;13;THAI Hong Chiem;2712;8;8;47;UMB ID;ΙΔΙΟ
B;WC Άγκυρα 2025;13;THAI Hong Chiem;2712;8;8;28;UMB ID;ΙΔΙΟ
C;WC Πόρτο 2025;13;THAI Hong Chiem;2712;10;10;24;UMB ID;ΙΔΙΟ
D;WC Αντβέρπ 2025;13;THAI Hong Chiem;2712;18;18;13;UMB ID;ΙΔΙΟ
E;WC Σεούλ 2025;13;THAI Hong Chiem;2712;8;8;27;UMB ID;ΙΔΙΟ
F;WC Σαρμ 2025;13;THAI Hong Chiem;2712;8;8;25;UMB ID;ΙΔΙΟ
G;WC Μπογκοτά 2026;13;THAI Hong Chiem;2712;26;26;8;UMB ID;ΙΔΙΟ
H;WC Χο Τσι Μινχ 2026;13;THAI Hong Chiem;2712;54;54;2;UMB ID;ΙΔΙΟ
I;WC Άγκυρα 2026;13;THAI Hong Chiem;2712;10;10;19;UMB ID;ΙΔΙΟ
J;WC Πόρτο 2026;13;THAI Hong Chiem;2712;36;36;3;UMB ID;ΙΔΙΟ
K;WC Λιρ 2026;13;THAI Hong Chiem;2712;18;18;15;UMB ID;ΙΔΙΟ
A;Παγκόσμιο Μπλουά 2026;14;TRAN Thanh Luc;2708;10;10;27;UMB ID;ΙΔΙΟ
B;WC Άγκυρα 2025;14;TRAN Thanh Luc;2708;18;18;12;UMB ID;ΙΔΙΟ
C;WC Πόρτο 2025;14;TRAN Thanh Luc;2708;8;8;31;UMB ID;ΙΔΙΟ
D;WC Αντβέρπ 2025;14;TRAN Thanh Luc;2708;8;8;27;UMB ID;ΙΔΙΟ
E;WC Σεούλ 2025;14;TRAN Thanh Luc;2708;8;8;31;UMB ID;ΙΔΙΟ
F;WC Σαρμ 2025;14;TRAN Thanh Luc;2708;18;18;11;UMB ID;ΙΔΙΟ
G;WC Μπογκοτά 2026;14;TRAN Thanh Luc;2708;54;54;2;UMB ID;ΙΔΙΟ
H;WC Χο Τσι Μινχ 2026;14;TRAN Thanh Luc;2708;18;18;11;UMB ID;ΙΔΙΟ
I;WC Άγκυρα 2026;14;TRAN Thanh Luc;2708;26;26;6;UMB ID;ΙΔΙΟ
J;WC Πόρτο 2026;14;TRAN Thanh Luc;2708;10;10;22;UMB ID;ΙΔΙΟ
K;WC Λιρ 2026;14;TRAN Thanh Luc;2708;18;18;14;UMB ID;ΙΔΙΟ
A;Παγκόσμιο Μπλουά 2026;15;BURY Jeremy;0103;10;10;23;UMB ID;ΙΔΙΟ
B;WC Άγκυρα 2025;15;BURY Jeremy;0103;26;26;6;UMB ID;ΙΔΙΟ
C;WC Πόρτο 2025;15;BURY Jeremy;0103;54;54;2;UMB ID;ΙΔΙΟ
D;WC Αντβέρπ 2025;15;BURY Jeremy;0103;10;10;19;UMB ID;ΙΔΙΟ
E;WC Σεούλ 2025;15;BURY Jeremy;0103;10;10;17;UMB ID;ΙΔΙΟ
F;WC Σαρμ 2025;15;BURY Jeremy;0103;18;18;15;UMB ID;ΙΔΙΟ
G;WC Μπογκοτά 2026;15;BURY Jeremy;0103;18;18;10;UMB ID;ΙΔΙΟ
H;WC Χο Τσι Μινχ 2026;15;BURY Jeremy;0103;10;10;19;UMB ID;ΙΔΙΟ
I;WC Άγκυρα 2026;15;BURY Jeremy;0103;8;8;27;UMB ID;ΙΔΙΟ
J;WC Πόρτο 2026;15;BURY Jeremy;0103;8;8;29;UMB ID;ΙΔΙΟ
K;WC Λιρ 2026;15;BURY Jeremy;0103;18;18;10;UMB ID;ΙΔΙΟ
A;Παγκόσμιο Μπλουά 2026;16;CEULEMANS Peter;0149;18;18;12;UMB ID;ΙΔΙΟ
B;WC Άγκυρα 2025;16;CEULEMANS Peter;0149;8;8;27;UMB ID;ΙΔΙΟ
C;WC Πόρτο 2025;16;CEULEMANS Peter;0149;18;18;16;UMB ID;ΙΔΙΟ
D;WC Αντβέρπ 2025;16;CEULEMANS Peter;0149;18;18;12;UMB ID;ΙΔΙΟ
E;WC Σεούλ 2025;16;CEULEMANS Peter;0149;10;10;20;UMB ID;ΙΔΙΟ
F;WC Σαρμ 2025;16;CEULEMANS Peter;0149;36;36;3;UMB ID;ΙΔΙΟ
G;WC Μπογκοτά 2026;16;CEULEMANS Peter;0149;8;8;31;UMB ID;ΙΔΙΟ
H;WC Χο Τσι Μινχ 2026;16;CEULEMANS Peter;0149;10;10;21;UMB ID;ΙΔΙΟ
I;WC Άγκυρα 2026;16;CEULEMANS Peter;0149;10;10;20;UMB ID;ΙΔΙΟ
J;WC Πόρτο 2026;16;CEULEMANS Peter;0149;26;26;7;UMB ID;ΙΔΙΟ
K;WC Λιρ 2026;16;CEULEMANS Peter;0149;26;26;8;UMB ID;ΙΔΙΟ
A;Παγκόσμιο Μπλουά 2026;17;TRAN Quyet Chien;0134;10;10;17;UMB ID;ΙΔΙΟ
B;WC Άγκυρα 2025;17;TRAN Quyet Chien;0134;54;54;2;UMB ID;ΙΔΙΟ
C;WC Πόρτο 2025;17;TRAN Quyet Chien;0134;10;10;20;UMB ID;ΙΔΙΟ
D;WC Αντβέρπ 2025;17;TRAN Quyet Chien;0134;18;18;11;UMB ID;ΙΔΙΟ
E;WC Σεούλ 2025;17;TRAN Quyet Chien;0134;8;8;32;UMB ID;ΙΔΙΟ
F;WC Σαρμ 2025;17;TRAN Quyet Chien;0134;10;10;21;UMB ID;ΙΔΙΟ
G;WC Μπογκοτά 2026;17;TRAN Quyet Chien;0134;10;10;17;UMB ID;ΙΔΙΟ
H;WC Χο Τσι Μινχ 2026;17;TRAN Quyet Chien;0134;10;10;22;UMB ID;ΙΔΙΟ
I;WC Άγκυρα 2026;17;TRAN Quyet Chien;0134;18;18;13;UMB ID;ΙΔΙΟ
J;WC Πόρτο 2026;17;TRAN Quyet Chien;0134;10;10;23;UMB ID;ΙΔΙΟ
K;WC Λιρ 2026;17;TRAN Quyet Chien;0134;26;26;6;UMB ID;ΙΔΙΟ
A;Παγκόσμιο Μπλουά 2026;18;LEGAZPI Ruben;0132;18;18;13;UMB ID;ΙΔΙΟ
B;WC Άγκυρα 2025;18;LEGAZPI Ruben;0132;10;10;17;UMB ID;ΙΔΙΟ
C;WC Πόρτο 2025;18;LEGAZPI Ruben;0132;26;26;8;UMB ID;ΙΔΙΟ
D;WC Αντβέρπ 2025;18;LEGAZPI Ruben;0132;26;26;7;UMB ID;ΙΔΙΟ
E;WC Σεούλ 2025;18;LEGAZPI Ruben;0132;8;8;28;UMB ID;ΙΔΙΟ
F;WC Σαρμ 2025;18;LEGAZPI Ruben;0132;18;18;16;UMB ID;ΙΔΙΟ
G;WC Μπογκοτά 2026;18;LEGAZPI Ruben;0132;5;5;41;UMB ID;ΙΔΙΟ
H;WC Χο Τσι Μινχ 2026;18;LEGAZPI Ruben;0132;5;5;42;UMB ID;ΙΔΙΟ
I;WC Άγκυρα 2026;18;LEGAZPI Ruben;0132;18;18;12;UMB ID;ΙΔΙΟ
J;WC Πόρτο 2026;18;LEGAZPI Ruben;0132;18;18;15;UMB ID;ΙΔΙΟ
K;WC Λιρ 2026;18;LEGAZPI Ruben;0132;10;10;18;UMB ID;ΙΔΙΟ
A;Παγκόσμιο Μπλουά 2026;19;KIM Haeng Jik;0268;10;10;31;UMB ID;ΙΔΙΟ
B;WC Άγκυρα 2025;19;KIM Haeng Jik;0268;26;26;7;UMB ID;ΙΔΙΟ
C;WC Πόρτο 2025;19;KIM Haeng Jik;0268;18;18;11;UMB ID;ΙΔΙΟ
D;WC Αντβέρπ 2025;19;KIM Haeng Jik;0268;26;26;8;UMB ID;ΙΔΙΟ
E;WC Σεούλ 2025;19;KIM Haeng Jik;0268;18;18;9;UMB ID;ΙΔΙΟ
F;WC Σαρμ 2025;19;KIM Haeng Jik;0268;26;26;6;UMB ID;ΙΔΙΟ
G;WC Μπογκοτά 2026;19;KIM Haeng Jik;0268;-16;;;;ΠΟΙΝΗ ΑΠΟΥΣΙΑΣ (δεν την έχουμε)
H;WC Χο Τσι Μινχ 2026;19;KIM Haeng Jik;0268;8;8;28;UMB ID;ΙΔΙΟ
I;WC Άγκυρα 2026;19;KIM Haeng Jik;0268;8;8;28;UMB ID;ΙΔΙΟ
J;WC Πόρτο 2026;19;KIM Haeng Jik;0268;26;26;8;UMB ID;ΙΔΙΟ
K;WC Λιρ 2026;19;KIM Haeng Jik;0268;10;10;19;UMB ID;ΙΔΙΟ
B;WC Άγκυρα 2025;20;SALMAN Gokhan;0226;10;10;20;όνομα;ΙΔΙΟ
C;WC Πόρτο 2025;20;SALMAN Gokhan;0226;36;36;3;όνομα;ΙΔΙΟ
D;WC Αντβέρπ 2025;20;SALMAN Gokhan;0226;18;18;10;όνομα;ΙΔΙΟ
E;WC Σεούλ 2025;20;SALMAN Gokhan;0226;5;5;48;όνομα;ΙΔΙΟ
F;WC Σαρμ 2025;20;SALMAN Gokhan;0226;8;8;30;όνομα;ΙΔΙΟ
G;WC Μπογκοτά 2026;20;SALMAN Gokhan;0226;5;5;46;όνομα;ΙΔΙΟ
H;WC Χο Τσι Μινχ 2026;20;SALMAN Gokhan;0226;8;8;25;όνομα;ΙΔΙΟ
I;WC Άγκυρα 2026;20;SALMAN Gokhan;0226;26;26;8;όνομα;ΙΔΙΟ
J;WC Πόρτο 2026;20;SALMAN Gokhan;0226;5;5;37;όνομα;ΙΔΙΟ
K;WC Λιρ 2026;20;SALMAN Gokhan;0226;10;10;22;όνομα;ΙΔΙΟ
A;Παγκόσμιο Μπλουά 2026;21;KIRAZ Tolgahan;0555;8;8;33;UMB ID;ΙΔΙΟ
B;WC Άγκυρα 2025;21;KIRAZ Tolgahan;0555;18;18;10;UMB ID;ΙΔΙΟ
C;WC Πόρτο 2025;21;KIRAZ Tolgahan;0555;18;18;15;UMB ID;ΙΔΙΟ
D;WC Αντβέρπ 2025;21;KIRAZ Tolgahan;0555;10;10;24;UMB ID;ΙΔΙΟ
E;WC Σεούλ 2025;21;KIRAZ Tolgahan;0555;10;10;24;UMB ID;ΙΔΙΟ
F;WC Σαρμ 2025;21;KIRAZ Tolgahan;0555;10;10;20;UMB ID;ΙΔΙΟ
G;WC Μπογκοτά 2026;21;KIRAZ Tolgahan;0555;5;5;40;UMB ID;ΙΔΙΟ
H;WC Χο Τσι Μινχ 2026;21;KIRAZ Tolgahan;0555;18;18;12;UMB ID;ΙΔΙΟ
I;WC Άγκυρα 2026;21;KIRAZ Tolgahan;0555;8;8;30;UMB ID;ΙΔΙΟ
J;WC Πόρτο 2026;21;KIRAZ Tolgahan;0555;18;18;9;UMB ID;ΙΔΙΟ
K;WC Λιρ 2026;21;KIRAZ Tolgahan;0555;5;5;43;UMB ID;ΙΔΙΟ
B;WC Άγκυρα 2025;22;POLYCHRONOPOULOS Nikos;0125;5;5;53;όνομα;ΙΔΙΟ
C;WC Πόρτο 2025;22;POLYCHRONOPOULOS Nikos;0125;18;18;9;όνομα;ΙΔΙΟ
D;WC Αντβέρπ 2025;22;POLYCHRONOPOULOS Nikos;0125;8;8;25;όνομα;ΙΔΙΟ
E;WC Σεούλ 2025;22;POLYCHRONOPOULOS Nikos;0125;10;10;19;όνομα;ΙΔΙΟ
F;WC Σαρμ 2025;22;POLYCHRONOPOULOS Nikos;0125;18;18;13;όνομα;ΙΔΙΟ
G;WC Μπογκοτά 2026;22;POLYCHRONOPOULOS Nikos;0125;5;5;47;όνομα;ΙΔΙΟ
H;WC Χο Τσι Μινχ 2026;22;POLYCHRONOPOULOS Nikos;0125;18;18;16;όνομα;ΙΔΙΟ
I;WC Άγκυρα 2026;22;POLYCHRONOPOULOS Nikos;0125;10;10;18;όνομα;ΙΔΙΟ
J;WC Πόρτο 2026;22;POLYCHRONOPOULOS Nikos;0125;5;5;34;όνομα;ΙΔΙΟ
K;WC Λιρ 2026;22;POLYCHRONOPOULOS Nikos;0125;8;8;30;όνομα;ΙΔΙΟ
B;WC Άγκυρα 2025;23;JIMENEZ Sergio;0189;4;4;65;UMB ID;ΙΔΙΟ
C;WC Πόρτο 2025;23;JIMENEZ Sergio;0189;26;26;7;UMB ID;ΙΔΙΟ
D;WC Αντβέρπ 2025;23;JIMENEZ Sergio;0189;8;8;31;UMB ID;ΙΔΙΟ
E;WC Σεούλ 2025;23;JIMENEZ Sergio;0189;18;18;14;UMB ID;ΙΔΙΟ
F;WC Σαρμ 2025;23;JIMENEZ Sergio;0189;8;8;27;UMB ID;ΙΔΙΟ
G;WC Μπογκοτά 2026;23;JIMENEZ Sergio;0189;10;10;19;UMB ID;ΙΔΙΟ
H;WC Χο Τσι Μινχ 2026;23;JIMENEZ Sergio;0189;5;5;51;UMB ID;ΙΔΙΟ
I;WC Άγκυρα 2026;23;JIMENEZ Sergio;0189;5;5;49;UMB ID;ΙΔΙΟ
J;WC Πόρτο 2026;23;JIMENEZ Sergio;0189;8;8;27;UMB ID;ΙΔΙΟ
K;WC Λιρ 2026;23;JIMENEZ Sergio;0189;5;5;45;UMB ID;ΙΔΙΟ
B;WC Άγκυρα 2025;24;UYMAZ Birol;0210;4;4;56;UMB ID;ΙΔΙΟ
C;WC Πόρτο 2025;24;UYMAZ Birol;0210;4;4;70;UMB ID;ΙΔΙΟ
D;WC Αντβέρπ 2025;24;UYMAZ Birol;0210;4;4;56;UMB ID;ΙΔΙΟ
E;WC Σεούλ 2025;24;UYMAZ Birol;0210;4;4;55;UMB ID;ΙΔΙΟ
F;WC Σαρμ 2025;24;UYMAZ Birol;0210;26;26;8;UMB ID;ΙΔΙΟ
G;WC Μπογκοτά 2026;24;UYMAZ Birol;0210;18;18;12;UMB ID;ΙΔΙΟ
H;WC Χο Τσι Μινχ 2026;24;UYMAZ Birol;0210;5;5;37;UMB ID;ΙΔΙΟ
I;WC Άγκυρα 2026;24;UYMAZ Birol;0210;5;5;40;UMB ID;ΙΔΙΟ
J;WC Πόρτο 2026;24;UYMAZ Birol;0210;18;18;16;UMB ID;ΙΔΙΟ
K;WC Λιρ 2026;24;UYMAZ Birol;0210;8;8;29;UMB ID;ΙΔΙΟ
B;WC Άγκυρα 2025;25;CHA Myeong Jong;2314;18;18;13;UMB ID;ΙΔΙΟ
C;WC Πόρτο 2025;25;CHA Myeong Jong;2314;18;18;14;UMB ID;ΙΔΙΟ
D;WC Αντβέρπ 2025;25;CHA Myeong Jong;2314;8;8;26;UMB ID;ΙΔΙΟ
E;WC Σεούλ 2025;25;CHA Myeong Jong;2314;8;8;29;UMB ID;ΙΔΙΟ
F;WC Σαρμ 2025;25;CHA Myeong Jong;2314;10;10;19;UMB ID;ΙΔΙΟ
G;WC Μπογκοτά 2026;25;CHA Myeong Jong;2314;5;5;38;UMB ID;ΙΔΙΟ
H;WC Χο Τσι Μινχ 2026;25;CHA Myeong Jong;2314;5;5;44;UMB ID;ΙΔΙΟ
I;WC Άγκυρα 2026;25;CHA Myeong Jong;2314;8;8;26;UMB ID;ΙΔΙΟ
J;WC Πόρτο 2026;25;CHA Myeong Jong;2314;5;5;40;UMB ID;ΙΔΙΟ
K;WC Λιρ 2026;25;CHA Myeong Jong;2314;10;10;24;UMB ID;ΙΔΙΟ
A;Παγκόσμιο Μπλουά 2026;26;FORTHOMME Roland;0119;10;10;26;UMB ID;ΙΔΙΟ
B;WC Άγκυρα 2025;26;FORTHOMME Roland;0119;5;5;49;UMB ID;ΙΔΙΟ
C;WC Πόρτο 2025;26;FORTHOMME Roland;0119;5;5;36;UMB ID;ΙΔΙΟ
D;WC Αντβέρπ 2025;26;FORTHOMME Roland;0119;10;10;20;UMB ID;ΙΔΙΟ
E;WC Σεούλ 2025;26;FORTHOMME Roland;0119;5;5;37;UMB ID;ΙΔΙΟ
F;WC Σαρμ 2025;26;FORTHOMME Roland;0119;8;8;26;UMB ID;ΙΔΙΟ
G;WC Μπογκοτά 2026;26;FORTHOMME Roland;0119;10;10;18;UMB ID;ΙΔΙΟ
H;WC Χο Τσι Μινχ 2026;26;FORTHOMME Roland;0119;8;8;30;UMB ID;ΙΔΙΟ
I;WC Άγκυρα 2026;26;FORTHOMME Roland;0119;5;5;39;UMB ID;ΙΔΙΟ
J;WC Πόρτο 2026;26;FORTHOMME Roland;0119;18;18;11;UMB ID;ΙΔΙΟ
K;WC Λιρ 2026;26;FORTHOMME Roland;0119;8;8;26;UMB ID;ΙΔΙΟ
A;Παγκόσμιο Μπλουά 2026;27;BLOMDAHL Torbjorn;0102;10;10;21;UMB ID;ΙΔΙΟ
D;WC Αντβέρπ 2025;27;BLOMDAHL Torbjorn;0102;10;10;23;UMB ID;ΙΔΙΟ
E;WC Σεούλ 2025;27;BLOMDAHL Torbjorn;0102;5;5;35;UMB ID;ΙΔΙΟ
F;WC Σαρμ 2025;27;BLOMDAHL Torbjorn;0102;10;10;22;UMB ID;ΙΔΙΟ
G;WC Μπογκοτά 2026;27;BLOMDAHL Torbjorn;0102;5;5;33;UMB ID;ΙΔΙΟ
H;WC Χο Τσι Μινχ 2026;27;BLOMDAHL Torbjorn;0102;5;5;41;UMB ID;ΙΔΙΟ
I;WC Άγκυρα 2026;27;BLOMDAHL Torbjorn;0102;26;26;7;UMB ID;ΙΔΙΟ
J;WC Πόρτο 2026;27;BLOMDAHL Torbjorn;0102;8;8;25;UMB ID;ΙΔΙΟ
K;WC Λιρ 2026;27;BLOMDAHL Torbjorn;0102;8;8;27;UMB ID;ΙΔΙΟ
B;WC Άγκυρα 2025;28;HWANG Bong Joo;2851;5;5;33;UMB ID;ΙΔΙΟ
C;WC Πόρτο 2025;28;HWANG Bong Joo;2851;5;5;44;UMB ID;ΙΔΙΟ
D;WC Αντβέρπ 2025;28;HWANG Bong Joo;2851;18;18;9;UMB ID;ΙΔΙΟ
E;WC Σεούλ 2025;28;HWANG Bong Joo;2851;18;18;12;UMB ID;ΙΔΙΟ
F;WC Σαρμ 2025;28;HWANG Bong Joo;2851;5;5;52;UMB ID;ΙΔΙΟ
G;WC Μπογκοτά 2026;28;HWANG Bong Joo;2851;5;5;48;UMB ID;ΙΔΙΟ
H;WC Χο Τσι Μινχ 2026;28;HWANG Bong Joo;2851;5;5;40;UMB ID;ΙΔΙΟ
I;WC Άγκυρα 2026;28;HWANG Bong Joo;2851;10;10;23;UMB ID;ΙΔΙΟ
J;WC Πόρτο 2026;28;HWANG Bong Joo;2851;5;5;49;UMB ID;ΙΔΙΟ
K;WC Λιρ 2026;28;HWANG Bong Joo;2851;10;10;20;UMB ID;ΙΔΙΟ
A;Παγκόσμιο Μπλουά 2026;29;CATANO Huberney;0130;10;10;22;UMB ID;ΙΔΙΟ
C;WC Πόρτο 2025;29;CATANO Huberney;0130;5;5;39;UMB ID;ΙΔΙΟ
D;WC Αντβέρπ 2025;29;CATANO Huberney;0130;18;18;14;UMB ID;ΙΔΙΟ
E;WC Σεούλ 2025;29;CATANO Huberney;0130;5;5;38;UMB ID;ΙΔΙΟ
G;WC Μπογκοτά 2026;29;CATANO Huberney;0130;10;10;23;UMB ID;ΙΔΙΟ
H;WC Χο Τσι Μινχ 2026;29;CATANO Huberney;0130;5;5;33;UMB ID;ΙΔΙΟ
I;WC Άγκυρα 2026;29;CATANO Huberney;0130;5;5;34;UMB ID;ΙΔΙΟ
J;WC Πόρτο 2026;29;CATANO Huberney;0130;5;5;39;UMB ID;ΙΔΙΟ
K;WC Λιρ 2026;29;CATANO Huberney;0130;18;18;16;UMB ID;ΙΔΙΟ
B;WC Άγκυρα 2025;30;KARAKURT Omer;0365;10;10;22;UMB ID;ΙΔΙΟ
C;WC Πόρτο 2025;30;KARAKURT Omer;0365;10;10;21;UMB ID;ΙΔΙΟ
D;WC Αντβέρπ 2025;30;KARAKURT Omer;0365;8;8;29;UMB ID;ΙΔΙΟ
E;WC Σεούλ 2025;30;KARAKURT Omer;0365;5;5;51;UMB ID;ΙΔΙΟ
F;WC Σαρμ 2025;30;KARAKURT Omer;0365;5;5;44;UMB ID;ΙΔΙΟ
G;WC Μπογκοτά 2026;30;KARAKURT Omer;0365;8;8;28;UMB ID;ΙΔΙΟ
H;WC Χο Τσι Μινχ 2026;30;KARAKURT Omer;0365;8;8;29;UMB ID;ΙΔΙΟ
I;WC Άγκυρα 2026;30;KARAKURT Omer;0365;10;10;22;UMB ID;ΙΔΙΟ
J;WC Πόρτο 2026;30;KARAKURT Omer;0365;5;5;33;UMB ID;ΙΔΙΟ
K;WC Λιρ 2026;30;KARAKURT Omer;0365;10;10;23;UMB ID;ΙΔΙΟ
E;WC Σεούλ 2025;31;CHOI Wan Young;1871;26;26;8;UMB ID;ΙΔΙΟ
G;WC Μπογκοτά 2026;31;CHOI Wan Young;1871;18;18;15;UMB ID;ΙΔΙΟ
H;WC Χο Τσι Μινχ 2026;31;CHOI Wan Young;1871;4;4;74;UMB ID;ΙΔΙΟ
I;WC Άγκυρα 2026;31;CHOI Wan Young;1871;5;5;35;UMB ID;ΙΔΙΟ
J;WC Πόρτο 2026;31;CHOI Wan Young;1871;10;10;17;UMB ID;ΙΔΙΟ
K;WC Λιρ 2026;31;CHOI Wan Young;1871;10;10;21;UMB ID;ΙΔΙΟ
B;WC Άγκυρα 2025;32;ORAK Turgay;1909;8;8;26;UMB ID;ΙΔΙΟ
C;WC Πόρτο 2025;32;ORAK Turgay;1909;5;5;42;UMB ID;ΙΔΙΟ
D;WC Αντβέρπ 2025;32;ORAK Turgay;1909;5;5;34;UMB ID;ΙΔΙΟ
E;WC Σεούλ 2025;32;ORAK Turgay;1909;10;10;23;UMB ID;ΙΔΙΟ
F;WC Σαρμ 2025;32;ORAK Turgay;1909;5;5;42;UMB ID;ΙΔΙΟ
G;WC Μπογκοτά 2026;32;ORAK Turgay;1909;5;5;37;UMB ID;ΙΔΙΟ
H;WC Χο Τσι Μινχ 2026;32;ORAK Turgay;1909;5;5;45;UMB ID;ΙΔΙΟ
I;WC Άγκυρα 2026;32;ORAK Turgay;1909;5;5;33;UMB ID;ΙΔΙΟ
J;WC Πόρτο 2026;32;ORAK Turgay;1909;18;18;10;UMB ID;ΙΔΙΟ
K;WC Λιρ 2026;32;ORAK Turgay;1909;4;4;76;UMB ID;ΙΔΙΟ
A;Παγκόσμιο Μπλουά 2026;33;DEVOGELAERE Mikael;2270;10;10;25;UMB ID;ΙΔΙΟ
B;WC Άγκυρα 2025;33;DEVOGELAERE Mikael;2270;5;5;38;UMB ID;ΙΔΙΟ
C;WC Πόρτο 2025;33;DEVOGELAERE Mikael;2270;4;4;75;UMB ID;ΙΔΙΟ
D;WC Αντβέρπ 2025;33;DEVOGELAERE Mikael;2270;4;4;60;UMB ID;ΙΔΙΟ
E;WC Σεούλ 2025;33;DEVOGELAERE Mikael;2270;4;4;56;UMB ID;ΙΔΙΟ
F;WC Σαρμ 2025;33;DEVOGELAERE Mikael;2270;5;5;34;UMB ID;ΙΔΙΟ
G;WC Μπογκοτά 2026;33;DEVOGELAERE Mikael;2270;8;8;32;UMB ID;ΙΔΙΟ
H;WC Χο Τσι Μινχ 2026;33;DEVOGELAERE Mikael;2270;10;10;23;UMB ID;ΙΔΙΟ
I;WC Άγκυρα 2026;33;DEVOGELAERE Mikael;2270;5;5;44;UMB ID;ΙΔΙΟ
J;WC Πόρτο 2026;33;DEVOGELAERE Mikael;2270;4;4;74;UMB ID;ΙΔΙΟ
K;WC Λιρ 2026;33;DEVOGELAERE Mikael;2270;8;8;31;UMB ID;ΙΔΙΟ
A;Παγκόσμιο Μπλουά 2026;34;LOWE Tom;2363;18;18;14;UMB ID;ΙΔΙΟ
B;WC Άγκυρα 2025;34;LOWE Tom;2363;4;4;60;UMB ID;ΙΔΙΟ
C;WC Πόρτο 2025;34;LOWE Tom;2363;4;4;68;UMB ID;ΙΔΙΟ
D;WC Αντβέρπ 2025;34;LOWE Tom;2363;5;5;39;UMB ID;ΙΔΙΟ
E;WC Σεούλ 2025;34;LOWE Tom;2363;4;4;72;UMB ID;ΙΔΙΟ
F;WC Σαρμ 2025;34;LOWE Tom;2363;5;5;50;UMB ID;ΙΔΙΟ
G;WC Μπογκοτά 2026;34;LOWE Tom;2363;5;5;50;UMB ID;ΙΔΙΟ
H;WC Χο Τσι Μινχ 2026;34;LOWE Tom;2363;4;4;81;UMB ID;ΙΔΙΟ
I;WC Άγκυρα 2026;34;LOWE Tom;2363;10;10;17;UMB ID;ΙΔΙΟ
J;WC Πόρτο 2026;34;LOWE Tom;2363;4;4;72;UMB ID;ΙΔΙΟ
K;WC Λιρ 2026;34;LOWE Tom;2363;4;4;58;UMB ID;ΙΔΙΟ
B;WC Άγκυρα 2025;35;KANG Ja In;0385;8;8;31;UMB ID;ΙΔΙΟ
C;WC Πόρτο 2025;35;KANG Ja In;0385;5;5;37;UMB ID;ΙΔΙΟ
D;WC Αντβέρπ 2025;35;KANG Ja In;0385;5;5;50;UMB ID;ΙΔΙΟ
E;WC Σεούλ 2025;35;KANG Ja In;0385;5;5;53;UMB ID;ΙΔΙΟ
F;WC Σαρμ 2025;35;KANG Ja In;0385;10;10;23;UMB ID;ΙΔΙΟ
G;WC Μπογκοτά 2026;35;KANG Ja In;0385;8;8;27;UMB ID;ΙΔΙΟ
H;WC Χο Τσι Μινχ 2026;35;KANG Ja In;0385;10;10;17;UMB ID;ΙΔΙΟ
I;WC Άγκυρα 2026;35;KANG Ja In;0385;5;5;51;UMB ID;ΙΔΙΟ
J;WC Πόρτο 2026;35;KANG Ja In;0385;5;5;47;UMB ID;ΙΔΙΟ
K;WC Λιρ 2026;35;KANG Ja In;0385;5;5;38;UMB ID;ΙΔΙΟ
B;WC Άγκυρα 2025;36;KIM Do Hyeon;3445;4;4;59;UMB ID;ΙΔΙΟ
C;WC Πόρτο 2025;36;KIM Do Hyeon;3445;4;4;74;UMB ID;ΙΔΙΟ
D;WC Αντβέρπ 2025;36;KIM Do Hyeon;3445;5;5;46;UMB ID;ΙΔΙΟ
E;WC Σεούλ 2025;36;KIM Do Hyeon;3445;4;4;69;UMB ID;ΙΔΙΟ
F;WC Σαρμ 2025;36;KIM Do Hyeon;3445;3;3;87;UMB ID;ΙΔΙΟ
G;WC Μπογκοτά 2026;36;KIM Do Hyeon;3445;4;4;76;UMB ID;ΙΔΙΟ
H;WC Χο Τσι Μινχ 2026;36;KIM Do Hyeon;3445;26;26;8;UMB ID;ΙΔΙΟ
I;WC Άγκυρα 2026;36;KIM Do Hyeon;3445;4;4;62;UMB ID;ΙΔΙΟ
J;WC Πόρτο 2026;36;KIM Do Hyeon;3445;5;5;35;UMB ID;ΙΔΙΟ
K;WC Λιρ 2026;36;KIM Do Hyeon;3445;5;5;53;UMB ID;ΙΔΙΟ
A;Παγκόσμιο Μπλουά 2026;37;PANAIA Maxime;2356;10;10;29;UMB ID;ΙΔΙΟ
B;WC Άγκυρα 2025;37;PANAIA Maxime;2356;5;5;44;UMB ID;ΙΔΙΟ
C;WC Πόρτο 2025;37;PANAIA Maxime;2356;5;5;53;UMB ID;ΙΔΙΟ
D;WC Αντβέρπ 2025;37;PANAIA Maxime;2356;5;5;51;UMB ID;ΙΔΙΟ
E;WC Σεούλ 2025;37;PANAIA Maxime;2356;4;4;73;UMB ID;ΙΔΙΟ
F;WC Σαρμ 2025;37;PANAIA Maxime;2356;8;8;28;UMB ID;ΙΔΙΟ
G;WC Μπογκοτά 2026;37;PANAIA Maxime;2356;4;4;58;UMB ID;ΙΔΙΟ
H;WC Χο Τσι Μινχ 2026;37;PANAIA Maxime;2356;4;4;66;UMB ID;ΙΔΙΟ
I;WC Άγκυρα 2026;37;PANAIA Maxime;2356;10;10;21;UMB ID;ΙΔΙΟ
J;WC Πόρτο 2026;37;PANAIA Maxime;2356;5;5;48;UMB ID;ΙΔΙΟ
K;WC Λιρ 2026;37;PANAIA Maxime;2356;4;4;54;UMB ID;ΙΔΙΟ
A;Παγκόσμιο Μπλουά 2026;38;SELEVENTAS Dimitrios;3196;8;8;38;UMB ID;ΙΔΙΟ
B;WC Άγκυρα 2025;38;SELEVENTAS Dimitrios;3196;18;18;15;UMB ID;ΙΔΙΟ
C;WC Πόρτο 2025;38;SELEVENTAS Dimitrios;3196;5;5;34;UMB ID;ΙΔΙΟ
D;WC Αντβέρπ 2025;38;SELEVENTAS Dimitrios;3196;5;5;33;UMB ID;ΙΔΙΟ
E;WC Σεούλ 2025;38;SELEVENTAS Dimitrios;3196;4;4;61;UMB ID;ΙΔΙΟ
F;WC Σαρμ 2025;38;SELEVENTAS Dimitrios;3196;5;5;40;UMB ID;ΙΔΙΟ
H;WC Χο Τσι Μινχ 2026;38;SELEVENTAS Dimitrios;3196;5;5;39;UMB ID;ΙΔΙΟ
I;WC Άγκυρα 2026;38;SELEVENTAS Dimitrios;3196;5;5;45;UMB ID;ΙΔΙΟ
J;WC Πόρτο 2026;38;SELEVENTAS Dimitrios;3196;5;5;38;UMB ID;ΙΔΙΟ
K;WC Λιρ 2026;38;SELEVENTAS Dimitrios;3196;4;4;69;UMB ID;ΙΔΙΟ
A;Παγκόσμιο Μπλουά 2026;39;SOUMAGNE Pierre;0160;8;8;43;όνομα;ΙΔΙΟ
B;WC Άγκυρα 2025;39;SOUMAGNE Pierre;0160;5;5;34;όνομα;ΙΔΙΟ
C;WC Πόρτο 2025;39;SOUMAGNE Pierre;0160;5;5;46;όνομα;ΙΔΙΟ
D;WC Αντβέρπ 2025;39;SOUMAGNE Pierre;0160;4;4;71;όνομα;ΙΔΙΟ
E;WC Σεούλ 2025;39;SOUMAGNE Pierre;0160;4;4;74;όνομα;ΙΔΙΟ
F;WC Σαρμ 2025;39;SOUMAGNE Pierre;0160;10;10;24;όνομα;ΙΔΙΟ
G;WC Μπογκοτά 2026;39;SOUMAGNE Pierre;0160;4;4;57;όνομα;ΙΔΙΟ
H;WC Χο Τσι Μινχ 2026;39;SOUMAGNE Pierre;0160;4;4;83;όνομα;ΙΔΙΟ
I;WC Άγκυρα 2026;39;SOUMAGNE Pierre;0160;8;8;32;όνομα;ΙΔΙΟ
J;WC Πόρτο 2026;39;SOUMAGNE Pierre;0160;4;4;56;όνομα;ΙΔΙΟ
K;WC Λιρ 2026;39;SOUMAGNE Pierre;0160;5;5;46;όνομα;ΙΔΙΟ
B;WC Άγκυρα 2025;40;COSTA Rui Manuel;0148;5;5;42;UMB ID;ΙΔΙΟ
C;WC Πόρτο 2025;40;COSTA Rui Manuel;0148;8;8;30;UMB ID;ΙΔΙΟ
D;WC Αντβέρπ 2025;40;COSTA Rui Manuel;0148;5;5;41;UMB ID;ΙΔΙΟ
E;WC Σεούλ 2025;40;COSTA Rui Manuel;0148;8;8;30;UMB ID;ΙΔΙΟ
F;WC Σαρμ 2025;40;COSTA Rui Manuel;0148;5;5;51;UMB ID;ΙΔΙΟ
G;WC Μπογκοτά 2026;40;COSTA Rui Manuel;0148;5;5;53;UMB ID;ΙΔΙΟ
H;WC Χο Τσι Μινχ 2026;40;COSTA Rui Manuel;0148;5;5;35;UMB ID;ΙΔΙΟ
I;WC Άγκυρα 2026;40;COSTA Rui Manuel;0148;5;5;46;UMB ID;ΙΔΙΟ
J;WC Πόρτο 2026;40;COSTA Rui Manuel;0148;8;8;28;UMB ID;ΙΔΙΟ
K;WC Λιρ 2026;40;COSTA Rui Manuel;0148;5;5;41;UMB ID;ΙΔΙΟ
A;Παγκόσμιο Μπλουά 2026;41;KAHOFER Arnim;0154;8;8;39;όνομα;ΙΔΙΟ
B;WC Άγκυρα 2025;41;KAHOFER Arnim;0154;5;5;51;όνομα;ΙΔΙΟ
C;WC Πόρτο 2025;41;KAHOFER Arnim;0154;4;4;66;όνομα;ΙΔΙΟ
D;WC Αντβέρπ 2025;41;KAHOFER Arnim;0154;5;5;35;όνομα;ΙΔΙΟ
E;WC Σεούλ 2025;41;KAHOFER Arnim;0154;4;4;65;όνομα;ΙΔΙΟ
F;WC Σαρμ 2025;41;KAHOFER Arnim;0154;5;5;43;όνομα;ΙΔΙΟ
G;WC Μπογκοτά 2026;41;KAHOFER Arnim;0154;5;5;49;όνομα;ΙΔΙΟ
H;WC Χο Τσι Μινχ 2026;41;KAHOFER Arnim;0154;8;8;27;όνομα;ΙΔΙΟ
I;WC Άγκυρα 2026;41;KAHOFER Arnim;0154;5;5;47;όνομα;ΙΔΙΟ
J;WC Πόρτο 2026;41;KAHOFER Arnim;0154;5;5;42;όνομα;ΙΔΙΟ
K;WC Λιρ 2026;41;KAHOFER Arnim;0154;5;5;37;όνομα;ΙΔΙΟ
B;WC Άγκυρα 2025;42;LONG Nguyen Chi;3080;4;4;55;UMB ID;ΙΔΙΟ
C;WC Πόρτο 2025;42;LONG Nguyen Chi;3080;5;5;45;UMB ID;ΙΔΙΟ
D;WC Αντβέρπ 2025;42;LONG Nguyen Chi;3080;4;4;62;UMB ID;ΙΔΙΟ
E;WC Σεούλ 2025;42;LONG Nguyen Chi;3080;18;18;15;UMB ID;ΙΔΙΟ
F;WC Σαρμ 2025;42;LONG Nguyen Chi;3080;5;5;38;UMB ID;ΙΔΙΟ
G;WC Μπογκοτά 2026;42;LONG Nguyen Chi;3080;4;4;59;UMB ID;ΙΔΙΟ
H;WC Χο Τσι Μινχ 2026;42;LONG Nguyen Chi;3080;4;4;58;UMB ID;ΙΔΙΟ
I;WC Άγκυρα 2026;42;LONG Nguyen Chi;3080;5;5;36;UMB ID;ΙΔΙΟ
J;WC Πόρτο 2026;42;LONG Nguyen Chi;3080;5;5;41;UMB ID;ΙΔΙΟ
K;WC Λιρ 2026;42;LONG Nguyen Chi;3080;5;5;35;UMB ID;ΙΔΙΟ
B;WC Άγκυρα 2025;43;VAN ETTEN Sam;2528;5;5;36;UMB ID;ΙΔΙΟ
C;WC Πόρτο 2025;43;VAN ETTEN Sam;2528;5;5;47;UMB ID;ΙΔΙΟ
D;WC Αντβέρπ 2025;43;VAN ETTEN Sam;2528;5;5;40;UMB ID;ΙΔΙΟ
E;WC Σεούλ 2025;43;VAN ETTEN Sam;2528;5;5;42;UMB ID;ΙΔΙΟ
F;WC Σαρμ 2025;43;VAN ETTEN Sam;2528;5;5;33;UMB ID;ΙΔΙΟ
G;WC Μπογκοτά 2026;43;VAN ETTEN Sam;2528;8;8;26;UMB ID;ΙΔΙΟ
H;WC Χο Τσι Μινχ 2026;43;VAN ETTEN Sam;2528;5;5;43;UMB ID;ΙΔΙΟ
I;WC Άγκυρα 2026;43;VAN ETTEN Sam;2528;8;8;29;UMB ID;ΙΔΙΟ
J;WC Πόρτο 2026;43;VAN ETTEN Sam;2528;4;4;70;UMB ID;ΙΔΙΟ
K;WC Λιρ 2026;43;VAN ETTEN Sam;2528;5;5;42;UMB ID;ΙΔΙΟ
B;WC Άγκυρα 2025;44;YAVUZ Tarik;2685;8;8;32;UMB ID;ΙΔΙΟ
C;WC Πόρτο 2025;44;YAVUZ Tarik;2685;4;4;61;UMB ID;ΙΔΙΟ
D;WC Αντβέρπ 2025;44;YAVUZ Tarik;2685;5;5;43;UMB ID;ΙΔΙΟ
E;WC Σεούλ 2025;44;YAVUZ Tarik;2685;5;5;49;UMB ID;ΙΔΙΟ
F;WC Σαρμ 2025;44;YAVUZ Tarik;2685;4;4;54;UMB ID;ΙΔΙΟ
G;WC Μπογκοτά 2026;44;YAVUZ Tarik;2685;4;4;65;UMB ID;ΙΔΙΟ
H;WC Χο Τσι Μινχ 2026;44;YAVUZ Tarik;2685;10;10;20;UMB ID;ΙΔΙΟ
I;WC Άγκυρα 2026;44;YAVUZ Tarik;2685;5;5;43;UMB ID;ΙΔΙΟ
J;WC Πόρτο 2026;44;YAVUZ Tarik;2685;4;4;62;UMB ID;ΙΔΙΟ
K;WC Λιρ 2026;44;YAVUZ Tarik;2685;5;5;47;UMB ID;ΙΔΙΟ
A;Παγκόσμιο Μπλουά 2026;45;SOARES Jose Miguel;1287;10;10;32;UMB ID;ΙΔΙΟ
B;WC Άγκυρα 2025;45;SOARES Jose Miguel;1287;4;4;67;UMB ID;ΙΔΙΟ
C;WC Πόρτο 2025;45;SOARES Jose Miguel;1287;8;8;27;UMB ID;ΙΔΙΟ
D;WC Αντβέρπ 2025;45;SOARES Jose Miguel;1287;4;4;74;UMB ID;ΙΔΙΟ
E;WC Σεούλ 2025;45;SOARES Jose Miguel;1287;4;4;77;UMB ID;ΙΔΙΟ
F;WC Σαρμ 2025;45;SOARES Jose Miguel;1287;4;4;67;UMB ID;ΙΔΙΟ
G;WC Μπογκοτά 2026;45;SOARES Jose Miguel;1287;4;4;61;UMB ID;ΙΔΙΟ
H;WC Χο Τσι Μινχ 2026;45;SOARES Jose Miguel;1287;4;4;78;UMB ID;ΙΔΙΟ
I;WC Άγκυρα 2026;45;SOARES Jose Miguel;1287;4;4;59;UMB ID;ΙΔΙΟ
J;WC Πόρτο 2026;45;SOARES Jose Miguel;1287;8;8;31;UMB ID;ΙΔΙΟ
B;WC Άγκυρα 2025;46;ALP Ahmet;0140;10;10;24;UMB ID;ΙΔΙΟ
C;WC Πόρτο 2025;46;ALP Ahmet;0140;4;4;63;UMB ID;ΙΔΙΟ
D;WC Αντβέρπ 2025;46;ALP Ahmet;0140;4;4;64;UMB ID;ΙΔΙΟ
E;WC Σεούλ 2025;46;ALP Ahmet;0140;5;5;50;UMB ID;ΙΔΙΟ
F;WC Σαρμ 2025;46;ALP Ahmet;0140;5;5;48;UMB ID;ΙΔΙΟ
G;WC Μπογκοτά 2026;46;ALP Ahmet;0140;5;5;42;UMB ID;ΙΔΙΟ
H;WC Χο Τσι Μινχ 2026;46;ALP Ahmet;0140;4;4;71;UMB ID;ΙΔΙΟ
I;WC Άγκυρα 2026;46;ALP Ahmet;0140;4;4;61;UMB ID;ΙΔΙΟ
J;WC Πόρτο 2026;46;ALP Ahmet;0140;8;8;30;UMB ID;ΙΔΙΟ
K;WC Λιρ 2026;46;ALP Ahmet;0140;4;4;65;UMB ID;ΙΔΙΟ
B;WC Άγκυρα 2025;47;RAHMET Muammer;0350;10;10;18;UMB ID;ΙΔΙΟ
C;WC Πόρτο 2025;47;RAHMET Muammer;0350;4;4;71;UMB ID;ΙΔΙΟ
D;WC Αντβέρπ 2025;47;RAHMET Muammer;0350;4;4;67;UMB ID;ΙΔΙΟ
E;WC Σεούλ 2025;47;RAHMET Muammer;0350;4;4;83;UMB ID;ΙΔΙΟ
F;WC Σαρμ 2025;47;RAHMET Muammer;0350;4;4;73;UMB ID;ΙΔΙΟ
G;WC Μπογκοτά 2026;47;RAHMET Muammer;0350;8;8;25;UMB ID;ΙΔΙΟ
H;WC Χο Τσι Μινχ 2026;47;RAHMET Muammer;0350;4;4;57;UMB ID;ΙΔΙΟ
I;WC Άγκυρα 2026;47;RAHMET Muammer;0350;4;4;79;UMB ID;ΙΔΙΟ
J;WC Πόρτο 2026;47;RAHMET Muammer;0350;4;4;54;UMB ID;ΙΔΙΟ
K;WC Λιρ 2026;47;RAHMET Muammer;0350;5;5;44;UMB ID;ΙΔΙΟ
C;WC Πόρτο 2025;48;GARCIA Jose Juan;0342;10;10;17;UMB ID;ΙΔΙΟ
E;WC Σεούλ 2025;48;GARCIA Jose Juan;0342;4;4;66;UMB ID;ΙΔΙΟ
F;WC Σαρμ 2025;48;GARCIA Jose Juan;0342;5;5;36;UMB ID;ΙΔΙΟ
G;WC Μπογκοτά 2026;48;GARCIA Jose Juan;0342;10;10;20;UMB ID;ΙΔΙΟ
H;WC Χο Τσι Μινχ 2026;48;GARCIA Jose Juan;0342;8;8;26;UMB ID;ΙΔΙΟ
I;WC Άγκυρα 2026;48;GARCIA Jose Juan;0342;4;4;70;UMB ID;ΙΔΙΟ
J;WC Πόρτο 2026;48;GARCIA Jose Juan;0342;5;5;45;UMB ID;ΙΔΙΟ
K;WC Λιρ 2026;48;GARCIA Jose Juan;0342;4;4;56;UMB ID;ΙΔΙΟ
B;WC Άγκυρα 2025;49;DE BRUIJN Jean Paul;0123;8;8;25;όνομα;ΙΔΙΟ
C;WC Πόρτο 2025;49;DE BRUIJN Jean Paul;0123;4;4;77;όνομα;ΙΔΙΟ
D;WC Αντβέρπ 2025;49;DE BRUIJN Jean Paul;0123;5;5;38;όνομα;ΙΔΙΟ
F;WC Σαρμ 2025;49;DE BRUIJN Jean Paul;0123;5;5;45;όνομα;ΙΔΙΟ
G;WC Μπογκοτά 2026;49;DE BRUIJN Jean Paul;0123;5;5;35;όνομα;ΙΔΙΟ
I;WC Άγκυρα 2026;49;DE BRUIJN Jean Paul;0123;10;10;24;όνομα;ΙΔΙΟ
J;WC Πόρτο 2026;49;DE BRUIJN Jean Paul;0123;5;5;44;όνομα;ΙΔΙΟ
K;WC Λιρ 2026;49;DE BRUIJN Jean Paul;0123;5;5;48;όνομα;ΙΔΙΟ
A;Παγκόσμιο Μπλουά 2026;50;MORALES Daniel;0537;8;8;37;UMB ID;ΙΔΙΟ
C;WC Πόρτο 2025;50;MORALES Daniel;0537;5;5;43;UMB ID;ΙΔΙΟ
E;WC Σεούλ 2025;50;MORALES Daniel;0537;18;18;16;UMB ID;ΙΔΙΟ
G;WC Μπογκοτά 2026;50;MORALES Daniel;0537;5;5;36;UMB ID;ΙΔΙΟ
J;WC Πόρτο 2026;50;MORALES Daniel;0537;10;10;18;UMB ID;ΙΔΙΟ
B;WC Άγκυρα 2025;51;KOSTISTANSKY Gerhard;0373;5;5;50;UMB ID;ΙΔΙΟ
C;WC Πόρτο 2025;51;KOSTISTANSKY Gerhard;0373;5;5;49;UMB ID;ΙΔΙΟ
D;WC Αντβέρπ 2025;51;KOSTISTANSKY Gerhard;0373;5;5;52;UMB ID;ΙΔΙΟ
E;WC Σεούλ 2025;51;KOSTISTANSKY Gerhard;0373;4;4;79;UMB ID;ΙΔΙΟ
F;WC Σαρμ 2025;51;KOSTISTANSKY Gerhard;0373;4;4;56;UMB ID;ΙΔΙΟ
G;WC Μπογκοτά 2026;51;KOSTISTANSKY Gerhard;0373;4;4;55;UMB ID;ΙΔΙΟ
H;WC Χο Τσι Μινχ 2026;51;KOSTISTANSKY Gerhard;0373;4;4;76;UMB ID;ΙΔΙΟ
I;WC Άγκυρα 2026;51;KOSTISTANSKY Gerhard;0373;5;5;42;UMB ID;ΙΔΙΟ
J;WC Πόρτο 2026;51;KOSTISTANSKY Gerhard;0373;4;4;73;UMB ID;ΙΔΙΟ
K;WC Λιρ 2026;51;KOSTISTANSKY Gerhard;0373;5;5;51;UMB ID;ΙΔΙΟ
B;WC Άγκυρα 2025;52;GOREN Mehmet;0209;4;4;71;UMB ID;ΙΔΙΟ
C;WC Πόρτο 2025;52;GOREN Mehmet;0209;4;4;67;UMB ID;ΙΔΙΟ
D;WC Αντβέρπ 2025;52;GOREN Mehmet;0209;4;4;82;UMB ID;ΙΔΙΟ
E;WC Σεούλ 2025;52;GOREN Mehmet;0209;4;4;76;UMB ID;ΙΔΙΟ
F;WC Σαρμ 2025;52;GOREN Mehmet;0209;4;4;55;UMB ID;ΙΔΙΟ
G;WC Μπογκοτά 2026;52;GOREN Mehmet;0209;4;4;63;UMB ID;ΙΔΙΟ
H;WC Χο Τσι Μινχ 2026;52;GOREN Mehmet;0209;5;5;52;UMB ID;ΙΔΙΟ
I;WC Άγκυρα 2026;52;GOREN Mehmet;0209;4;4;84;UMB ID;ΙΔΙΟ
J;WC Πόρτο 2026;52;GOREN Mehmet;0209;5;5;46;UMB ID;ΙΔΙΟ
K;WC Λιρ 2026;52;GOREN Mehmet;0209;4;4;81;UMB ID;ΙΔΙΟ
A;Παγκόσμιο Μπλουά 2026;53;SON JUN Hyuk;3015;26;26;7;UMB ID;ΙΔΙΟ
D;WC Αντβέρπ 2025;53;SON JUN Hyuk;3015;4;4;63;UMB ID;ΙΔΙΟ
E;WC Σεούλ 2025;53;SON JUN Hyuk;3015;4;4;59;UMB ID;ΙΔΙΟ
H;WC Χο Τσι Μινχ 2026;53;SON JUN Hyuk;3015;4;4;65;UMB ID;ΙΔΙΟ
K;WC Λιρ 2026;53;SON JUN Hyuk;3015;4;4;55;UMB ID;ΙΔΙΟ
B;WC Άγκυρα 2025;54;STAMM Lukas;2506;4;4;75;UMB ID;ΙΔΙΟ
C;WC Πόρτο 2025;54;STAMM Lukas;2506;4;4;54;UMB ID;ΙΔΙΟ
D;WC Αντβέρπ 2025;54;STAMM Lukas;2506;4;4;68;UMB ID;ΙΔΙΟ
E;WC Σεούλ 2025;54;STAMM Lukas;2506;4;4;68;UMB ID;ΙΔΙΟ
F;WC Σαρμ 2025;54;STAMM Lukas;2506;4;4;70;UMB ID;ΙΔΙΟ
G;WC Μπογκοτά 2026;54;STAMM Lukas;2506;4;4;79;UMB ID;ΙΔΙΟ
H;WC Χο Τσι Μινχ 2026;54;STAMM Lukas;2506;4;4;69;UMB ID;ΙΔΙΟ
I;WC Άγκυρα 2026;54;STAMM Lukas;2506;5;5;53;UMB ID;ΙΔΙΟ
J;WC Πόρτο 2026;54;STAMM Lukas;2506;4;4;68;UMB ID;ΙΔΙΟ
K;WC Λιρ 2026;54;STAMM Lukas;2506;4;4;68;UMB ID;ΙΔΙΟ
B;WC Άγκυρα 2025;55;CETIN Volkan;1976;5;5;35;UMB ID;ΙΔΙΟ
C;WC Πόρτο 2025;55;CETIN Volkan;1976;4;4;69;UMB ID;ΙΔΙΟ
D;WC Αντβέρπ 2025;55;CETIN Volkan;1976;4;4;65;UMB ID;ΙΔΙΟ
E;WC Σεούλ 2025;55;CETIN Volkan;1976;4;4;67;UMB ID;ΙΔΙΟ
F;WC Σαρμ 2025;55;CETIN Volkan;1976;4;4;62;UMB ID;ΙΔΙΟ
G;WC Μπογκοτά 2026;55;CETIN Volkan;1976;4;4;54;UMB ID;ΙΔΙΟ
H;WC Χο Τσι Μινχ 2026;55;CETIN Volkan;1976;4;4;54;UMB ID;ΙΔΙΟ
I;WC Άγκυρα 2026;55;CETIN Volkan;1976;4;4;76;UMB ID;ΙΔΙΟ
J;WC Πόρτο 2026;55;CETIN Volkan;1976;4;4;60;UMB ID;ΙΔΙΟ
K;WC Λιρ 2026;55;CETIN Volkan;1976;4;4;78;UMB ID;ΙΔΙΟ
B;WC Άγκυρα 2025;56;NGUYEN Tran Thanh Tu;2027;5;5;45;UMB ID;ΙΔΙΟ
C;WC Πόρτο 2025;56;NGUYEN Tran Thanh Tu;2027;5;5;48;UMB ID;ΙΔΙΟ
D;WC Αντβέρπ 2025;56;NGUYEN Tran Thanh Tu;2027;8;8;28;UMB ID;ΙΔΙΟ
E;WC Σεούλ 2025;56;NGUYEN Tran Thanh Tu;2027;8;8;26;UMB ID;ΙΔΙΟ
G;WC Μπογκοτά 2026;56;NGUYEN Tran Thanh Tu;2027;5;5;45;UMB ID;ΙΔΙΟ
H;WC Χο Τσι Μινχ 2026;56;NGUYEN Tran Thanh Tu;2027;18;18;10;UMB ID;ΙΔΙΟ
J;WC Πόρτο 2026;56;NGUYEN Tran Thanh Tu;2027;-8;;;;ΠΟΙΝΗ ΑΠΟΥΣΙΑΣ (δεν την έχουμε)
B;WC Άγκυρα 2025;57;SAEIJS Alain;2850;4;4;74;UMB ID;ΙΔΙΟ
C;WC Πόρτο 2025;57;SAEIJS Alain;2850;4;4;85;UMB ID;ΙΔΙΟ
D;WC Αντβέρπ 2025;57;SAEIJS Alain;2850;4;4;85;UMB ID;ΙΔΙΟ
E;WC Σεούλ 2025;57;SAEIJS Alain;2850;4;4;84;UMB ID;ΙΔΙΟ
F;WC Σαρμ 2025;57;SAEIJS Alain;2850;4;4;84;UMB ID;ΙΔΙΟ
G;WC Μπογκοτά 2026;57;SAEIJS Alain;2850;4;4;84;UMB ID;ΙΔΙΟ
H;WC Χο Τσι Μινχ 2026;57;SAEIJS Alain;2850;4;4;85;UMB ID;ΙΔΙΟ
I;WC Άγκυρα 2026;57;SAEIJS Alain;2850;4;4;85;UMB ID;ΙΔΙΟ
J;WC Πόρτο 2026;57;SAEIJS Alain;2850;4;4;84;UMB ID;ΙΔΙΟ
K;WC Λιρ 2026;57;SAEIJS Alain;2850;4;4;84;UMB ID;ΙΔΙΟ
B;WC Άγκυρα 2025;58;BOUERDICK Tobias;1648;3;3;93;UMB ID;ΙΔΙΟ
C;WC Πόρτο 2025;58;BOUERDICK Tobias;1648;4;4;58;UMB ID;ΙΔΙΟ
D;WC Αντβέρπ 2025;58;BOUERDICK Tobias;1648;4;4;75;UMB ID;ΙΔΙΟ
E;WC Σεούλ 2025;58;BOUERDICK Tobias;1648;4;4;78;UMB ID;ΙΔΙΟ
F;WC Σαρμ 2025;58;BOUERDICK Tobias;1648;3;3;107;UMB ID;ΙΔΙΟ
G;WC Μπογκοτά 2026;58;BOUERDICK Tobias;1648;4;4;77;UMB ID;ΙΔΙΟ
H;WC Χο Τσι Μινχ 2026;58;BOUERDICK Tobias;1648;4;4;62;UMB ID;ΙΔΙΟ
I;WC Άγκυρα 2026;58;BOUERDICK Tobias;1648;4;4;72;UMB ID;ΙΔΙΟ
J;WC Πόρτο 2026;58;BOUERDICK Tobias;1648;5;5;53;UMB ID;ΙΔΙΟ
K;WC Λιρ 2026;58;BOUERDICK Tobias;1648;4;4;73;UMB ID;ΙΔΙΟ
B;WC Άγκυρα 2025;59;KIYOTA Atsushi;0374;4;4;61;UMB ID;ΙΔΙΟ
C;WC Πόρτο 2025;59;KIYOTA Atsushi;0374;4;4;59;UMB ID;ΙΔΙΟ
D;WC Αντβέρπ 2025;59;KIYOTA Atsushi;0374;4;4;70;UMB ID;ΙΔΙΟ
E;WC Σεούλ 2025;59;KIYOTA Atsushi;0374;4;4;63;UMB ID;ΙΔΙΟ
F;WC Σαρμ 2025;59;KIYOTA Atsushi;0374;5;5;53;UMB ID;ΙΔΙΟ
H;WC Χο Τσι Μινχ 2026;59;KIYOTA Atsushi;0374;4;4;70;UMB ID;ΙΔΙΟ
I;WC Άγκυρα 2026;59;KIYOTA Atsushi;0374;5;5;50;UMB ID;ΙΔΙΟ
J;WC Πόρτο 2026;59;KIYOTA Atsushi;0374;4;4;80;UMB ID;ΙΔΙΟ
K;WC Λιρ 2026;59;KIYOTA Atsushi;0374;4;4;61;UMB ID;ΙΔΙΟ
B;WC Άγκυρα 2025;60;VASSEUR Kevin;2124;5;5;48;UMB ID;ΙΔΙΟ
C;WC Πόρτο 2025;60;VASSEUR Kevin;2124;5;5;51;UMB ID;ΙΔΙΟ
D;WC Αντβέρπ 2025;60;VASSEUR Kevin;2124;4;4;78;UMB ID;ΙΔΙΟ
E;WC Σεούλ 2025;60;VASSEUR Kevin;2124;4;4;81;UMB ID;ΙΔΙΟ
G;WC Μπογκοτά 2026;60;VASSEUR Kevin;2124;4;4;66;UMB ID;ΙΔΙΟ
H;WC Χο Τσι Μινχ 2026;60;VASSEUR Kevin;2124;4;4;80;UMB ID;ΙΔΙΟ
I;WC Άγκυρα 2026;60;VASSEUR Kevin;2124;4;4;67;UMB ID;ΙΔΙΟ
J;WC Πόρτο 2026;60;VASSEUR Kevin;2124;4;4;63;UMB ID;ΙΔΙΟ
K;WC Λιρ 2026;60;VASSEUR Kevin;2124;4;4;63;UMB ID;ΙΔΙΟ
B;WC Άγκυρα 2025;61;PEKER Muharrem;2367;4;4;58;UMB ID;ΙΔΙΟ
C;WC Πόρτο 2025;61;PEKER Muharrem;2367;3;3;101;UMB ID;ΙΔΙΟ
D;WC Αντβέρπ 2025;61;PEKER Muharrem;2367;3;3;105;UMB ID;ΙΔΙΟ
E;WC Σεούλ 2025;61;PEKER Muharrem;2367;3;3;101;UMB ID;ΙΔΙΟ
F;WC Σαρμ 2025;61;PEKER Muharrem;2367;3;3;104;UMB ID;ΙΔΙΟ
G;WC Μπογκοτά 2026;61;PEKER Muharrem;2367;4;4;60;UMB ID;ΙΔΙΟ
H;WC Χο Τσι Μινχ 2026;61;PEKER Muharrem;2367;3;3;88;UMB ID;ΙΔΙΟ
I;WC Άγκυρα 2026;61;PEKER Muharrem;2367;5;5;37;UMB ID;ΙΔΙΟ
J;WC Πόρτο 2026;61;PEKER Muharrem;2367;5;5;51;UMB ID;ΙΔΙΟ
K;WC Λιρ 2026;61;PEKER Muharrem;2367;4;4;70;UMB ID;ΙΔΙΟ
B;WC Άγκυρα 2025;62;DAO Van Ly;2250;4;4;73;UMB ID;ΙΔΙΟ
C;WC Πόρτο 2025;62;DAO Van Ly;2250;18;18;10;UMB ID;ΙΔΙΟ
D;WC Αντβέρπ 2025;62;DAO Van Ly;2250;5;5;42;UMB ID;ΙΔΙΟ
E;WC Σεούλ 2025;62;DAO Van Ly;2250;18;18;10;UMB ID;ΙΔΙΟ
H;WC Χο Τσι Μινχ 2026;62;DAO Van Ly;2250;-8;;;;ΠΟΙΝΗ ΑΠΟΥΣΙΑΣ (δεν την έχουμε)
B;WC Άγκυρα 2025;63;MOULOS Vangelis;0214;4;4;78;UMB ID;ΙΔΙΟ
C;WC Πόρτο 2025;63;MOULOS Vangelis;0214;4;4;78;UMB ID;ΙΔΙΟ
D;WC Αντβέρπ 2025;63;MOULOS Vangelis;0214;4;4;69;UMB ID;ΙΔΙΟ
F;WC Σαρμ 2025;63;MOULOS Vangelis;0214;4;4;58;UMB ID;ΙΔΙΟ
G;WC Μπογκοτά 2026;63;MOULOS Vangelis;0214;4;4;81;UMB ID;ΙΔΙΟ
H;WC Χο Τσι Μινχ 2026;63;MOULOS Vangelis;0214;4;4;64;UMB ID;ΙΔΙΟ
I;WC Άγκυρα 2026;63;MOULOS Vangelis;0214;4;4;78;UMB ID;ΙΔΙΟ
J;WC Πόρτο 2026;63;MOULOS Vangelis;0214;4;4;71;UMB ID;ΙΔΙΟ
K;WC Λιρ 2026;63;MOULOS Vangelis;0214;4;4;62;UMB ID;ΙΔΙΟ
B;WC Άγκυρα 2025;64;KAPUSIZ Ufuk;0729;2;2;134;UMB ID;ΙΔΙΟ
C;WC Πόρτο 2025;64;KAPUSIZ Ufuk;0729;3;3;88;UMB ID;ΙΔΙΟ
D;WC Αντβέρπ 2025;64;KAPUSIZ Ufuk;0729;3;3;108;UMB ID;ΙΔΙΟ
E;WC Σεούλ 2025;64;KAPUSIZ Ufuk;0729;5;5;39;UMB ID;ΙΔΙΟ
F;WC Σαρμ 2025;64;KAPUSIZ Ufuk;0729;4;4;59;UMB ID;ΙΔΙΟ
G;WC Μπογκοτά 2026;64;KAPUSIZ Ufuk;0729;4;4;69;UMB ID;ΙΔΙΟ
H;WC Χο Τσι Μινχ 2026;64;KAPUSIZ Ufuk;0729;3;3;91;UMB ID;ΙΔΙΟ
I;WC Άγκυρα 2026;64;KAPUSIZ Ufuk;0729;4;4;55;UMB ID;ΙΔΙΟ
J;WC Πόρτο 2026;64;KAPUSIZ Ufuk;0729;4;4;55;UMB ID;ΙΔΙΟ
K;WC Λιρ 2026;64;KAPUSIZ Ufuk;0729;4;4;74;UMB ID;ΙΔΙΟ
B;WC Άγκυρα 2025;65;BAS Serdal;0626;4;4;76;UMB ID;ΙΔΙΟ
C;WC Πόρτο 2025;65;BAS Serdal;0626;5;5;33;UMB ID;ΙΔΙΟ
D;WC Αντβέρπ 2025;65;BAS Serdal;0626;4;4;73;UMB ID;ΙΔΙΟ
E;WC Σεούλ 2025;65;BAS Serdal;0626;4;4;82;UMB ID;ΙΔΙΟ
F;WC Σαρμ 2025;65;BAS Serdal;0626;5;5;49;UMB ID;ΙΔΙΟ
I;WC Άγκυρα 2026;65;BAS Serdal;0626;4;4;63;UMB ID;ΙΔΙΟ
J;WC Πόρτο 2026;65;BAS Serdal;0626;4;4;75;UMB ID;ΙΔΙΟ
K;WC Λιρ 2026;65;BAS Serdal;0626;4;4;60;UMB ID;ΙΔΙΟ
B;WC Άγκυρα 2025;66;ESEN Ismet;1539;3;3;99;UMB ID;ΙΔΙΟ
C;WC Πόρτο 2025;66;ESEN Ismet;1539;3;3;102;UMB ID;ΙΔΙΟ
D;WC Αντβέρπ 2025;66;ESEN Ismet;1539;3;3;107;UMB ID;ΙΔΙΟ
E;WC Σεούλ 2025;66;ESEN Ismet;1539;3;3;100;UMB ID;ΙΔΙΟ
F;WC Σαρμ 2025;66;ESEN Ismet;1539;3;3;94;UMB ID;ΙΔΙΟ
G;WC Μπογκοτά 2026;66;ESEN Ismet;1539;4;4;75;UMB ID;ΙΔΙΟ
H;WC Χο Τσι Μινχ 2026;66;ESEN Ismet;1539;3;3;105;UMB ID;ΙΔΙΟ
I;WC Άγκυρα 2026;66;ESEN Ismet;1539;3;3;113;UMB ID;ΙΔΙΟ
J;WC Πόρτο 2026;66;ESEN Ismet;1539;3;3;95;UMB ID;ΙΔΙΟ
K;WC Λιρ 2026;66;ESEN Ismet;1539;4;4;79;UMB ID;ΙΔΙΟ
A;Παγκόσμιο Μπλουά 2026;67;JEONG Ye Sung;3192;18;18;15;UMB ID;ΙΔΙΟ
I;WC Άγκυρα 2026;67;JEONG Ye Sung;3192;3;3;88;UMB ID;ΙΔΙΟ
K;WC Λιρ 2026;67;JEONG Ye Sung;3192;10;10;17;UMB ID;ΙΔΙΟ
B;WC Άγκυρα 2025;68;JORISSEN Jeffrey;0441;5;5;39;UMB ID;ΙΔΙΟ
C;WC Πόρτο 2025;68;JORISSEN Jeffrey;0441;5;5;50;UMB ID;ΙΔΙΟ
D;WC Αντβέρπ 2025;68;JORISSEN Jeffrey;0441;5;5;47;UMB ID;ΙΔΙΟ
F;WC Σαρμ 2025;68;JORISSEN Jeffrey;0441;5;5;37;UMB ID;ΙΔΙΟ
G;WC Μπογκοτά 2026;68;JORISSEN Jeffrey;0441;-8;;;;ΠΟΙΝΗ ΑΠΟΥΣΙΑΣ (δεν την έχουμε)
H;WC Χο Τσι Μινχ 2026;68;JORISSEN Jeffrey;0441;5;5;49;UMB ID;ΙΔΙΟ
I;WC Άγκυρα 2026;68;JORISSEN Jeffrey;0441;4;4;71;UMB ID;ΙΔΙΟ
J;WC Πόρτο 2026;68;JORISSEN Jeffrey;0441;5;5;50;UMB ID;ΙΔΙΟ
K;WC Λιρ 2026;68;JORISSEN Jeffrey;0441;5;5;36;UMB ID;ΙΔΙΟ
B;WC Άγκυρα 2025;69;MORALES Marcos;2899;3;3;89;UMB ID;ΙΔΙΟ
C;WC Πόρτο 2025;69;MORALES Marcos;2899;4;4;62;UMB ID;ΙΔΙΟ
D;WC Αντβέρπ 2025;69;MORALES Marcos;2899;3;3;102;UMB ID;ΙΔΙΟ
E;WC Σεούλ 2025;69;MORALES Marcos;2899;3;3;105;UMB ID;ΙΔΙΟ
F;WC Σαρμ 2025;69;MORALES Marcos;2899;3;3;86;UMB ID;ΙΔΙΟ
G;WC Μπογκοτά 2026;69;MORALES Marcos;2899;3;3;95;UMB ID;ΙΔΙΟ
H;WC Χο Τσι Μινχ 2026;69;MORALES Marcos;2899;3;3;104;UMB ID;ΙΔΙΟ
J;WC Πόρτο 2026;69;MORALES Marcos;2899;5;5;43;UMB ID;ΙΔΙΟ
K;WC Λιρ 2026;69;MORALES Marcos;2899;4;4;57;UMB ID;ΙΔΙΟ
B;WC Άγκυρα 2025;70;KORKMAZ Fatih;1982;4;4;85;UMB ID;ΙΔΙΟ
C;WC Πόρτο 2025;70;KORKMAZ Fatih;1982;4;4;83;UMB ID;ΙΔΙΟ
D;WC Αντβέρπ 2025;70;KORKMAZ Fatih;1982;4;4;84;UMB ID;ΙΔΙΟ
E;WC Σεούλ 2025;70;KORKMAZ Fatih;1982;2;2;136;UMB ID;ΙΔΙΟ
F;WC Σαρμ 2025;70;KORKMAZ Fatih;1982;4;4;75;UMB ID;ΙΔΙΟ
H;WC Χο Τσι Μινχ 2026;70;KORKMAZ Fatih;1982;4;4;84;UMB ID;ΙΔΙΟ
I;WC Άγκυρα 2026;70;KORKMAZ Fatih;1982;3;3;98;UMB ID;ΙΔΙΟ
J;WC Πόρτο 2026;70;KORKMAZ Fatih;1982;3;3;117;UMB ID;ΙΔΙΟ
K;WC Λιρ 2026;70;KORKMAZ Fatih;1982;3;3;116;UMB ID;ΙΔΙΟ
D;WC Αντβέρπ 2025;71;AYMAN Mahmoud;1634;3;3;103;UMB ID;ΙΔΙΟ
E;WC Σεούλ 2025;71;AYMAN Mahmoud;1634;3;3;97;UMB ID;ΙΔΙΟ
F;WC Σαρμ 2025;71;AYMAN Mahmoud;1634;8;8;32;UMB ID;ΙΔΙΟ
H;WC Χο Τσι Μινχ 2026;71;AYMAN Mahmoud;1634;3;3;113;UMB ID;ΙΔΙΟ
I;WC Άγκυρα 2026;71;AYMAN Mahmoud;1634;5;5;41;UMB ID;ΙΔΙΟ
J;WC Πόρτο 2026;71;AYMAN Mahmoud;1634;4;4;57;UMB ID;ΙΔΙΟ
K;WC Λιρ 2026;71;AYMAN Mahmoud;1634;4;4;59;UMB ID;ΙΔΙΟ
B;WC Άγκυρα 2025;72;IBRAIMOV Amir;2689;3;3;108;UMB ID;ΙΔΙΟ
C;WC Πόρτο 2025;72;IBRAIMOV Amir;2689;5;5;41;UMB ID;ΙΔΙΟ
D;WC Αντβέρπ 2025;72;IBRAIMOV Amir;2689;4;4;72;UMB ID;ΙΔΙΟ
F;WC Σαρμ 2025;72;IBRAIMOV Amir;2689;5;5;41;UMB ID;ΙΔΙΟ
I;WC Άγκυρα 2026;72;IBRAIMOV Amir;2689;5;5;38;UMB ID;ΙΔΙΟ
J;WC Πόρτο 2026;72;IBRAIMOV Amir;2689;4;4;58;UMB ID;ΙΔΙΟ
K;WC Λιρ 2026;72;IBRAIMOV Amir;2689;4;4;64;UMB ID;ΙΔΙΟ
B;WC Άγκυρα 2025;73;MAURER Claus;0513;4;4;72;UMB ID;ΙΔΙΟ
D;WC Αντβέρπ 2025;73;MAURER Claus;0513;4;4;81;UMB ID;ΙΔΙΟ
F;WC Σαρμ 2025;73;MAURER Claus;0513;4;4;69;UMB ID;ΙΔΙΟ
G;WC Μπογκοτά 2026;73;MAURER Claus;0513;4;4;72;UMB ID;ΙΔΙΟ
H;WC Χο Τσι Μινχ 2026;73;MAURER Claus;0513;3;3;108;UMB ID;ΙΔΙΟ
I;WC Άγκυρα 2026;73;MAURER Claus;0513;3;3;112;UMB ID;ΙΔΙΟ
J;WC Πόρτο 2026;73;MAURER Claus;0513;4;4;82;UMB ID;ΙΔΙΟ
K;WC Λιρ 2026;73;MAURER Claus;0513;4;4;66;UMB ID;ΙΔΙΟ
B;WC Άγκυρα 2025;74;BROUWERS Reggy;3197;4;4;79;UMB ID;ΙΔΙΟ
C;WC Πόρτο 2025;74;BROUWERS Reggy;3197;4;4;79;UMB ID;ΙΔΙΟ
D;WC Αντβέρπ 2025;74;BROUWERS Reggy;3197;3;3;104;UMB ID;ΙΔΙΟ
F;WC Σαρμ 2025;74;BROUWERS Reggy;3197;4;4;82;UMB ID;ΙΔΙΟ
G;WC Μπογκοτά 2026;74;BROUWERS Reggy;3197;4;4;82;UMB ID;ΙΔΙΟ
H;WC Χο Τσι Μινχ 2026;74;BROUWERS Reggy;3197;3;3;107;UMB ID;ΙΔΙΟ
I;WC Άγκυρα 2026;74;BROUWERS Reggy;3197;4;4;83;UMB ID;ΙΔΙΟ
K;WC Λιρ 2026;74;BROUWERS Reggy;3197;4;4;83;UMB ID;ΙΔΙΟ
B;WC Άγκυρα 2025;75;MAS Jose Maria;0211;2;2;119;όνομα;ΙΔΙΟ
E;WC Σεούλ 2025;75;MAS Jose Maria;0211;3;3;90;όνομα;ΙΔΙΟ
F;WC Σαρμ 2025;75;MAS Jose Maria;0211;4;4;57;όνομα;ΙΔΙΟ
G;WC Μπογκοτά 2026;75;MAS Jose Maria;0211;5;5;44;όνομα;ΙΔΙΟ
H;WC Χο Τσι Μινχ 2026;75;MAS Jose Maria;0211;3;3;86;όνομα;ΙΔΙΟ
I;WC Άγκυρα 2026;75;MAS Jose Maria;0211;3;3;99;όνομα;ΙΔΙΟ
J;WC Πόρτο 2026;75;MAS Jose Maria;0211;4;4;65;όνομα;ΙΔΙΟ
K;WC Λιρ 2026;75;MAS Jose Maria;0211;5;5;49;όνομα;ΙΔΙΟ
B;WC Άγκυρα 2025;76;SZIVACZ Herbert;1172;3;3;87;UMB ID;ΙΔΙΟ
C;WC Πόρτο 2025;76;SZIVACZ Herbert;1172;5;5;52;UMB ID;ΙΔΙΟ
D;WC Αντβέρπ 2025;76;SZIVACZ Herbert;1172;3;3;96;UMB ID;ΙΔΙΟ
F;WC Σαρμ 2025;76;SZIVACZ Herbert;1172;3;3;109;UMB ID;ΙΔΙΟ
G;WC Μπογκοτά 2026;76;SZIVACZ Herbert;1172;4;4;71;UMB ID;ΙΔΙΟ
H;WC Χο Τσι Μινχ 2026;76;SZIVACZ Herbert;1172;3;3;94;UMB ID;ΙΔΙΟ
I;WC Άγκυρα 2026;76;SZIVACZ Herbert;1172;3;3;95;UMB ID;ΙΔΙΟ
K;WC Λιρ 2026;76;SZIVACZ Herbert;1172;5;5;52;UMB ID;ΙΔΙΟ
B;WC Άγκυρα 2025;77;GULBAY Ali;3059;4;4;84;UMB ID;ΙΔΙΟ
C;WC Πόρτο 2025;77;GULBAY Ali;3059;4;4;72;UMB ID;ΙΔΙΟ
D;WC Αντβέρπ 2025;77;GULBAY Ali;3059;3;3;97;UMB ID;ΙΔΙΟ
F;WC Σαρμ 2025;77;GULBAY Ali;3059;3;3;110;UMB ID;ΙΔΙΟ
G;WC Μπογκοτά 2026;77;GULBAY Ali;3059;4;4;80;UMB ID;ΙΔΙΟ
I;WC Άγκυρα 2026;77;GULBAY Ali;3059;4;4;64;UMB ID;ΙΔΙΟ
J;WC Πόρτο 2026;77;GULBAY Ali;3059;4;4;85;UMB ID;ΙΔΙΟ
K;WC Λιρ 2026;77;GULBAY Ali;3059;3;3;100;UMB ID;ΙΔΙΟ
B;WC Άγκυρα 2025;78;NADY Riad;0147;4;4;80;UMB ID;ΙΔΙΟ
D;WC Αντβέρπ 2025;78;NADY Riad;0147;4;4;77;UMB ID;ΙΔΙΟ
E;WC Σεούλ 2025;78;NADY Riad;0147;4;4;57;UMB ID;ΙΔΙΟ
F;WC Σαρμ 2025;78;NADY Riad;0147;8;8;31;UMB ID;ΙΔΙΟ
H;WC Χο Τσι Μινχ 2026;78;NADY Riad;0147;4;4;72;UMB ID;ΙΔΙΟ
I;WC Άγκυρα 2026;78;NADY Riad;0147;5;5;48;UMB ID;ΙΔΙΟ
B;WC Άγκυρα 2025;79;SEO Chang Hoon;0391;5;5;41;UMB ID;ΙΔΙΟ
C;WC Πόρτο 2025;79;SEO Chang Hoon;0391;5;5;35;UMB ID;ΙΔΙΟ
D;WC Αντβέρπ 2025;79;SEO Chang Hoon;0391;5;5;37;UMB ID;ΙΔΙΟ
E;WC Σεούλ 2025;79;SEO Chang Hoon;0391;5;5;40;UMB ID;ΙΔΙΟ
F;WC Σαρμ 2025;79;SEO Chang Hoon;0391;5;5;46;UMB ID;ΙΔΙΟ
H;WC Χο Τσι Μινχ 2026;79;SEO Chang Hoon;0391;4;4;77;UMB ID;ΙΔΙΟ
A;Παγκόσμιο Μπλουά 2026;80;PIEDRABUENA Pedro;0122;8;8;35;UMB ID;ΙΔΙΟ
D;WC Αντβέρπ 2025;80;PIEDRABUENA Pedro;0122;3;3;89;UMB ID;ΙΔΙΟ
F;WC Σαρμ 2025;80;PIEDRABUENA Pedro;0122;8;8;29;UMB ID;ΙΔΙΟ
I;WC Άγκυρα 2026;80;PIEDRABUENA Pedro;0122;8;8;31;UMB ID;ΙΔΙΟ
B;WC Άγκυρα 2025;81;THON Viet Hoang Minh;2981;3;3;105;UMB ID;ΙΔΙΟ
C;WC Πόρτο 2025;81;THON Viet Hoang Minh;2981;10;10;22;UMB ID;ΙΔΙΟ
D;WC Αντβέρπ 2025;81;THON Viet Hoang Minh;2981;4;4;55;UMB ID;ΙΔΙΟ
E;WC Σεούλ 2025;81;THON Viet Hoang Minh;2981;4;4;58;UMB ID;ΙΔΙΟ
H;WC Χο Τσι Μινχ 2026;81;THON Viet Hoang Minh;2981;5;5;46;UMB ID;ΙΔΙΟ
A;Παγκόσμιο Μπλουά 2026;82;ABU TAYEH Mashhour;1660;8;8;40;UMB ID;ΙΔΙΟ
B;WC Άγκυρα 2025;82;ABU TAYEH Mashhour;1660;4;4;83;UMB ID;ΙΔΙΟ
C;WC Πόρτο 2025;82;ABU TAYEH Mashhour;1660;4;4;64;UMB ID;ΙΔΙΟ
D;WC Αντβέρπ 2025;82;ABU TAYEH Mashhour;1660;3;3;91;UMB ID;ΙΔΙΟ
F;WC Σαρμ 2025;82;ABU TAYEH Mashhour;1660;4;4;80;UMB ID;ΙΔΙΟ
H;WC Χο Τσι Μινχ 2026;82;ABU TAYEH Mashhour;1660;3;3;112;UMB ID;ΙΔΙΟ
B;WC Άγκυρα 2025;83;WILKOWSKI Huub;0353;4;4;70;UMB ID;ΙΔΙΟ
C;WC Πόρτο 2025;83;WILKOWSKI Huub;0353;4;4;56;UMB ID;ΙΔΙΟ
D;WC Αντβέρπ 2025;83;WILKOWSKI Huub;0353;5;5;49;UMB ID;ΙΔΙΟ
F;WC Σαρμ 2025;83;WILKOWSKI Huub;0353;4;4;64;UMB ID;ΙΔΙΟ
J;WC Πόρτο 2026;83;WILKOWSKI Huub;0353;4;4;61;UMB ID;ΙΔΙΟ
K;WC Λιρ 2026;83;WILKOWSKI Huub;0353;4;4;75;UMB ID;ΙΔΙΟ
B;WC Άγκυρα 2025;84;MAVRIDOGLOU Litsa;3352;3;3;100;όνομα;ΙΔΙΟ
C;WC Πόρτο 2025;84;MAVRIDOGLOU Litsa;3352;3;3;100;όνομα;ΙΔΙΟ
D;WC Αντβέρπ 2025;84;MAVRIDOGLOU Litsa;3352;3;3;116;όνομα;ΙΔΙΟ
F;WC Σαρμ 2025;84;MAVRIDOGLOU Litsa;3352;3;3;115;όνομα;ΙΔΙΟ
G;WC Μπογκοτά 2026;84;MAVRIDOGLOU Litsa;3352;3;3;107;όνομα;ΙΔΙΟ
H;WC Χο Τσι Μινχ 2026;84;MAVRIDOGLOU Litsa;3352;3;3;116;όνομα;ΙΔΙΟ
I;WC Άγκυρα 2026;84;MAVRIDOGLOU Litsa;3352;3;3;107;όνομα;ΙΔΙΟ
K;WC Λιρ 2026;84;MAVRIDOGLOU Litsa;3352;4;4;85;όνομα;ΙΔΙΟ
B;WC Άγκυρα 2025;85;MINAOGLU Manolis;0358;3;3;109;όνομα;ΙΔΙΟ
C;WC Πόρτο 2025;85;MINAOGLU Manolis;0358;3;3;104;όνομα;ΙΔΙΟ
D;WC Αντβέρπ 2025;85;MINAOGLU Manolis;0358;3;3;106;όνομα;ΙΔΙΟ
F;WC Σαρμ 2025;85;MINAOGLU Manolis;0358;4;4;76;όνομα;ΙΔΙΟ
H;WC Χο Τσι Μινχ 2026;85;MINAOGLU Manolis;0358;3;3;99;όνομα;ΙΔΙΟ
I;WC Άγκυρα 2026;85;MINAOGLU Manolis;0358;3;3;86;όνομα;ΙΔΙΟ
J;WC Πόρτο 2026;85;MINAOGLU Manolis;0358;3;3;96;όνομα;ΙΔΙΟ
K;WC Λιρ 2026;85;MINAOGLU Manolis;0358;3;3;90;όνομα;ΙΔΙΟ
A;Παγκόσμιο Μπλουά 2026;86;ABDIN Mohamed;1764;10;10;30;UMB ID;ΙΔΙΟ
D;WC Αντβέρπ 2025;86;ABDIN Mohamed;1764;3;3;94;UMB ID;ΙΔΙΟ
F;WC Σαρμ 2025;86;ABDIN Mohamed;1764;3;3;111;UMB ID;ΙΔΙΟ
H;WC Χο Τσι Μινχ 2026;86;ABDIN Mohamed;1764;8;8;31;UMB ID;ΙΔΙΟ
B;WC Άγκυρα 2025;87;LATORRE Christian;2480;3;3;114;όνομα;ΙΔΙΟ
C;WC Πόρτο 2025;87;LATORRE Christian;2480;3;3;115;όνομα;ΙΔΙΟ
D;WC Αντβέρπ 2025;87;LATORRE Christian;2480;3;3;115;όνομα;ΙΔΙΟ
E;WC Σεούλ 2025;87;LATORRE Christian;2480;3;3;116;όνομα;ΙΔΙΟ
H;WC Χο Τσι Μινχ 2026;87;LATORRE Christian;2480;3;3;100;όνομα;ΙΔΙΟ
I;WC Άγκυρα 2026;87;LATORRE Christian;2480;3;3;102;όνομα;ΙΔΙΟ
J;WC Πόρτο 2026;87;LATORRE Christian;2480;3;3;100;όνομα;ΙΔΙΟ
K;WC Λιρ 2026;87;LATORRE Christian;2480;2;2;146;όνομα;ΙΔΙΟ
A;Παγκόσμιο Μπλουά 2026;88;VILLANUEVA William;0172;10;10;28;UMB ID;ΙΔΙΟ
G;WC Μπογκοτά 2026;88;VILLANUEVA William;0172;10;10;22;UMB ID;ΙΔΙΟ
I;WC Άγκυρα 2026;88;VILLANUEVA William;0172;3;3;101;UMB ID;ΙΔΙΟ
B;WC Άγκυρα 2025;89;ULUDAGLILAR Gokhan;2075;3;3;110;UMB ID;ΙΔΙΟ
C;WC Πόρτο 2025;89;ULUDAGLILAR Gokhan;2075;3;3;116;UMB ID;ΙΔΙΟ
E;WC Σεούλ 2025;89;ULUDAGLILAR Gokhan;2075;3;3;115;UMB ID;ΙΔΙΟ
F;WC Σαρμ 2025;89;ULUDAGLILAR Gokhan;2075;3;3;116;UMB ID;ΙΔΙΟ
G;WC Μπογκοτά 2026;89;ULUDAGLILAR Gokhan;2075;3;3;112;UMB ID;ΙΔΙΟ
I;WC Άγκυρα 2026;89;ULUDAGLILAR Gokhan;2075;3;3;115;UMB ID;ΙΔΙΟ
K;WC Λιρ 2026;89;ULUDAGLILAR Gokhan;2075;4;4;82;UMB ID;ΙΔΙΟ
B;WC Άγκυρα 2025;90;PINARD Patrice;2452;3;3;98;UMB ID;ΙΔΙΟ
D;WC Αντβέρπ 2025;90;PINARD Patrice;2452;4;4;83;UMB ID;ΙΔΙΟ
F;WC Σαρμ 2025;90;PINARD Patrice;2452;3;3;92;UMB ID;ΙΔΙΟ
G;WC Μπογκοτά 2026;90;PINARD Patrice;2452;3;3;98;UMB ID;ΙΔΙΟ
H;WC Χο Τσι Μινχ 2026;90;PINARD Patrice;2452;3;3;96;UMB ID;ΙΔΙΟ
I;WC Άγκυρα 2026;90;PINARD Patrice;2452;3;3;97;UMB ID;ΙΔΙΟ
K;WC Λιρ 2026;90;PINARD Patrice;2452;3;3;103;UMB ID;ΙΔΙΟ
A;Παγκόσμιο Μπλουά 2026;91;SALAZAR Alexander;0121;18;18;10;UMB ID;ΙΔΙΟ
B;WC Άγκυρα 2025;91;SALAZAR Alexander;0121;4;4;69;UMB ID;ΙΔΙΟ
C;WC Πόρτο 2025;91;SALAZAR Alexander;0121;5;5;38;UMB ID;ΙΔΙΟ
E;WC Σεούλ 2025;91;SALAZAR Alexander;0121;3;3;104;UMB ID;ΙΔΙΟ
G;WC Μπογκοτά 2026;91;SALAZAR Alexander;0121;3;3;86;UMB ID;ΙΔΙΟ
I;WC Άγκυρα 2026;91;SALAZAR Alexander;0121;-16;;;;ΠΟΙΝΗ ΑΠΟΥΣΙΑΣ (δεν την έχουμε)
J;WC Πόρτο 2026;91;SALAZAR Alexander;0121;5;5;36;UMB ID;ΙΔΙΟ
D;WC Αντβέρπ 2025;92;PHAM Quoc Thuan;1856;4;4;54;όνομα;ΙΔΙΟ
F;WC Σαρμ 2025;92;PHAM Quoc Thuan;1856;4;4;66;όνομα;ΙΔΙΟ
G;WC Μπογκοτά 2026;92;PHAM Quoc Thuan;1856;4;4;56;όνομα;ΙΔΙΟ
I;WC Άγκυρα 2026;92;PHAM Quoc Thuan;1856;3;3;92;όνομα;ΙΔΙΟ
J;WC Πόρτο 2026;92;PHAM Quoc Thuan;1856;3;3;88;όνομα;ΙΔΙΟ
K;WC Λιρ 2026;92;PHAM Quoc Thuan;1856;3;3;87;όνομα;ΙΔΙΟ
B;WC Άγκυρα 2025;93;KABAK Gurhan;2106;3;3;115;UMB ID;ΙΔΙΟ
C;WC Πόρτο 2025;93;KABAK Gurhan;2106;3;3;112;UMB ID;ΙΔΙΟ
D;WC Αντβέρπ 2025;93;KABAK Gurhan;2106;3;3;112;UMB ID;ΙΔΙΟ
E;WC Σεούλ 2025;93;KABAK Gurhan;2106;4;4;85;UMB ID;ΙΔΙΟ
F;WC Σαρμ 2025;93;KABAK Gurhan;2106;3;3;114;UMB ID;ΙΔΙΟ
G;WC Μπογκοτά 2026;93;KABAK Gurhan;2106;4;4;85;UMB ID;ΙΔΙΟ
H;WC Χο Τσι Μινχ 2026;93;KABAK Gurhan;2106;3;3;115;UMB ID;ΙΔΙΟ
I;WC Άγκυρα 2026;93;KABAK Gurhan;2106;3;3;111;UMB ID;ΙΔΙΟ
J;WC Πόρτο 2026;93;KABAK Gurhan;2106;3;3;106;UMB ID;ΙΔΙΟ
K;WC Λιρ 2026;93;KABAK Gurhan;2106;-8;;;;ΠΟΙΝΗ ΑΠΟΥΣΙΑΣ (δεν την έχουμε)
E;WC Σεούλ 2025;94;KIM Min Suk;2971;3;3;111;UMB ID;ΙΔΙΟ
G;WC Μπογκοτά 2026;94;KIM Min Suk;2971;4;4;70;UMB ID;ΙΔΙΟ
I;WC Άγκυρα 2026;94;KIM Min Suk;2971;4;4;56;UMB ID;ΙΔΙΟ
J;WC Πόρτο 2026;94;KIM Min Suk;2971;10;10;24;UMB ID;ΙΔΙΟ
B;WC Άγκυρα 2025;95;CRESPO Carlos;0345;2;2;125;UMB ID;ΙΔΙΟ
C;WC Πόρτο 2025;95;CRESPO Carlos;0345;3;3;92;UMB ID;ΙΔΙΟ
G;WC Μπογκοτά 2026;95;CRESPO Carlos;0345;3;3;94;UMB ID;ΙΔΙΟ
H;WC Χο Τσι Μινχ 2026;95;CRESPO Carlos;0345;3;3;93;UMB ID;ΙΔΙΟ
I;WC Άγκυρα 2026;95;CRESPO Carlos;0345;4;4;60;UMB ID;ΙΔΙΟ
K;WC Λιρ 2026;95;CRESPO Carlos;0345;5;5;50;UMB ID;ΙΔΙΟ
B;WC Άγκυρα 2025;96;AKKOCA Denizcan;8000;5;5;37;UMB ID;ΙΔΙΟ
E;WC Σεούλ 2025;96;AKKOCA Denizcan;8000;4;4;54;UMB ID;ΙΔΙΟ
G;WC Μπογκοτά 2026;96;AKKOCA Denizcan;8000;3;3;88;UMB ID;ΙΔΙΟ
I;WC Άγκυρα 2026;96;AKKOCA Denizcan;8000;4;4;57;UMB ID;ΙΔΙΟ
J;WC Πόρτο 2026;96;AKKOCA Denizcan;8000;4;4;64;UMB ID;ΙΔΙΟ
D;WC Αντβέρπ 2025;97;LEE Beom Yeol;2973;5;5;48;UMB ID;ΙΔΙΟ
E;WC Σεούλ 2025;97;LEE Beom Yeol;2973;3;3;93;UMB ID;ΙΔΙΟ
F;WC Σαρμ 2025;97;LEE Beom Yeol;2973;4;4;61;UMB ID;ΙΔΙΟ
H;WC Χο Τσι Μινχ 2026;97;LEE Beom Yeol;2973;4;4;79;UMB ID;ΙΔΙΟ
I;WC Άγκυρα 2026;97;LEE Beom Yeol;2973;4;4;75;UMB ID;ΙΔΙΟ
A;Παγκόσμιο Μπλουά 2026;98;NOVAK Radek;0169;8;8;45;UMB ID;ΙΔΙΟ
B;WC Άγκυρα 2025;98;NOVAK Radek;0169;4;4;77;UMB ID;ΙΔΙΟ
D;WC Αντβέρπ 2025;98;NOVAK Radek;0169;4;4;79;UMB ID;ΙΔΙΟ
F;WC Σαρμ 2025;98;NOVAK Radek;0169;4;4;68;UMB ID;ΙΔΙΟ
B;WC Άγκυρα 2025;99;CIN Aygun;3339;2;2;120;UMB ID;ΙΔΙΟ
C;WC Πόρτο 2025;99;CIN Aygun;3339;2;2;122;UMB ID;ΙΔΙΟ
G;WC Μπογκοτά 2026;99;CIN Aygun;3339;3;3;100;UMB ID;ΙΔΙΟ
H;WC Χο Τσι Μινχ 2026;99;CIN Aygun;3339;2;2;133;UMB ID;ΙΔΙΟ
I;WC Άγκυρα 2026;99;CIN Aygun;3339;3;3;93;UMB ID;ΙΔΙΟ
J;WC Πόρτο 2026;99;CIN Aygun;3339;4;4;69;UMB ID;ΙΔΙΟ
K;WC Λιρ 2026;99;CIN Aygun;3339;3;3;107;UMB ID;ΙΔΙΟ
B;WC Άγκυρα 2025;100;PENNOR David;0223;4;4;81;UMB ID;ΙΔΙΟ
C;WC Πόρτο 2025;100;PENNOR David;0223;4;4;55;UMB ID;ΙΔΙΟ
D;WC Αντβέρπ 2025;100;PENNOR David;0223;8;8;32;UMB ID;ΙΔΙΟ
E;WC Σεούλ 2025;100;PENNOR David;0223;5;5;47;UMB ID;ΙΔΙΟ
F;WC Σαρμ 2025;100;PENNOR David;0223;4;4;60;UMB ID;ΙΔΙΟ
H;WC Χο Τσι Μινχ 2026;100;PENNOR David;0223;-16;;;;ΠΟΙΝΗ ΑΠΟΥΣΙΑΣ (δεν την έχουμε)
I;WC Άγκυρα 2026;100;PENNOR David;0223;3;3;106;UMB ID;ΙΔΙΟ
J;WC Πόρτο 2026;100;PENNOR David;0223;4;4;67;UMB ID;ΙΔΙΟ
K;WC Λιρ 2026;100;PENNOR David;0223;3;3;106;UMB ID;ΙΔΙΟ
D;WC Αντβέρπ 2025;101;GUNAYDIN Fahri;3564;2;2;145;UMB ID;ΙΔΙΟ
E;WC Σεούλ 2025;101;GUNAYDIN Fahri;3564;2;2;132;UMB ID;ΙΔΙΟ
F;WC Σαρμ 2025;101;GUNAYDIN Fahri;3564;2;2;125;UMB ID;ΙΔΙΟ
G;WC Μπογκοτά 2026;101;GUNAYDIN Fahri;3564;3;3;108;UMB ID;ΙΔΙΟ
H;WC Χο Τσι Μινχ 2026;101;GUNAYDIN Fahri;3564;3;3;114;UMB ID;ΙΔΙΟ
J;WC Πόρτο 2026;101;GUNAYDIN Fahri;3564;3;3;116;UMB ID;ΙΔΙΟ
K;WC Λιρ 2026;101;GUNAYDIN Fahri;3564;3;3;115;UMB ID;ΙΔΙΟ
B;WC Άγκυρα 2025;102;JETTEN Karina;0592;3;3;96;UMB ID;ΙΔΙΟ
C;WC Πόρτο 2025;102;JETTEN Karina;0592;3;3;96;UMB ID;ΙΔΙΟ
D;WC Αντβέρπ 2025;102;JETTEN Karina;0592;3;3;114;UMB ID;ΙΔΙΟ
F;WC Σαρμ 2025;102;JETTEN Karina;0592;3;3;113;UMB ID;ΙΔΙΟ
I;WC Άγκυρα 2026;102;JETTEN Karina;0592;3;3;114;UMB ID;ΙΔΙΟ
K;WC Λιρ 2026;102;JETTEN Karina;0592;3;3;113;UMB ID;ΙΔΙΟ
G;WC Μπογκοτά 2026;103;MARTINEZ Luis;0290;18;18;13;UMB ID;ΙΔΙΟ
B;WC Άγκυρα 2025;104;AWWAD Naser;1656;3;3;97;UMB ID;ΙΔΙΟ
C;WC Πόρτο 2025;104;AWWAD Naser;1656;3;3;114;UMB ID;ΙΔΙΟ
F;WC Σαρμ 2025;104;AWWAD Naser;1656;3;3;98;UMB ID;ΙΔΙΟ
J;WC Πόρτο 2026;104;AWWAD Naser;1656;8;8;32;UMB ID;ΙΔΙΟ
B;WC Άγκυρα 2025;105;JACQUEMOND Olivier;2518;2;2;141;UMB ID;ΙΔΙΟ
C;WC Πόρτο 2025;105;JACQUEMOND Olivier;2518;4;4;84;UMB ID;ΙΔΙΟ
D;WC Αντβέρπ 2025;105;JACQUEMOND Olivier;2518;2;2;142;UMB ID;ΙΔΙΟ
F;WC Σαρμ 2025;105;JACQUEMOND Olivier;2518;3;3;112;UMB ID;ΙΔΙΟ
I;WC Άγκυρα 2026;105;JACQUEMOND Olivier;2518;3;3;94;UMB ID;ΙΔΙΟ
J;WC Πόρτο 2026;105;JACQUEMOND Olivier;2518;3;3;107;UMB ID;ΙΔΙΟ
B;WC Άγκυρα 2025;106;IBRAIMOV Ali;2688;3;3;113;UMB ID;ΙΔΙΟ
C;WC Πόρτο 2025;106;IBRAIMOV Ali;2688;4;4;82;UMB ID;ΙΔΙΟ
D;WC Αντβέρπ 2025;106;IBRAIMOV Ali;2688;3;3;111;UMB ID;ΙΔΙΟ
F;WC Σαρμ 2025;106;IBRAIMOV Ali;2688;4;4;72;UMB ID;ΙΔΙΟ
J;WC Πόρτο 2026;106;IBRAIMOV Ali;2688;3;3;113;UMB ID;ΙΔΙΟ
D;WC Αντβέρπ 2025;107;LE Thanh Tien;2015;4;4;59;όνομα;ΙΔΙΟ
E;WC Σεούλ 2025;107;LE Thanh Tien;2015;8;8;25;όνομα;ΙΔΙΟ
H;WC Χο Τσι Μινχ 2026;107;LE Thanh Tien;2015;5;5;53;όνομα;ΙΔΙΟ
B;WC Άγκυρα 2025;108;MORTENSEN Lukas;2331;3;3;103;UMB ID;ΙΔΙΟ
C;WC Πόρτο 2025;108;MORTENSEN Lukas;2331;3;3;106;UMB ID;ΙΔΙΟ
D;WC Αντβέρπ 2025;108;MORTENSEN Lukas;2331;4;4;80;UMB ID;ΙΔΙΟ
F;WC Σαρμ 2025;108;MORTENSEN Lukas;2331;3;3;96;UMB ID;ΙΔΙΟ
J;WC Πόρτο 2026;108;MORTENSEN Lukas;2331;3;3;90;UMB ID;ΙΔΙΟ
B;WC Άγκυρα 2025;109;VERA Javier;0186;10;10;21;UMB ID;ΙΔΙΟ
G;WC Μπογκοτά 2026;109;VERA Javier;0186;10;10;21;UMB ID;ΙΔΙΟ
I;WC Άγκυρα 2026;109;VERA Javier;0186;4;4;69;UMB ID;ΙΔΙΟ
J;WC Πόρτο 2026;109;VERA Javier;0186;-8;;;;ΠΟΙΝΗ ΑΠΟΥΣΙΑΣ (δεν την έχουμε)
C;WC Πόρτο 2025;110;PHILIPOOM Jozef;0151;5;5;40;UMB ID;ΙΔΙΟ
D;WC Αντβέρπ 2025;110;PHILIPOOM Jozef;0151;3;3;93;UMB ID;ΙΔΙΟ
J;WC Πόρτο 2026;110;PHILIPOOM Jozef;0151;3;3;93;UMB ID;ΙΔΙΟ
K;WC Λιρ 2026;110;PHILIPOOM Jozef;0151;4;4;72;UMB ID;ΙΔΙΟ
D;WC Αντβέρπ 2025;111;EGERT Lucas;8026;2;2;125;UMB ID;ΙΔΙΟ
F;WC Σαρμ 2025;111;EGERT Lucas;8026;4;4;78;UMB ID;ΙΔΙΟ
I;WC Άγκυρα 2026;111;EGERT Lucas;8026;3;3;109;UMB ID;ΙΔΙΟ
J;WC Πόρτο 2026;111;EGERT Lucas;8026;3;3;110;UMB ID;ΙΔΙΟ
K;WC Λιρ 2026;111;EGERT Lucas;8026;3;3;91;UMB ID;ΙΔΙΟ
B;WC Άγκυρα 2025;112;KRISTIANSEN Daniel;3199;3;3;111;UMB ID;ΙΔΙΟ
F;WC Σαρμ 2025;112;KRISTIANSEN Daniel;3199;3;3;97;UMB ID;ΙΔΙΟ
H;WC Χο Τσι Μινχ 2026;112;KRISTIANSEN Daniel;3199;2;2;128;UMB ID;ΙΔΙΟ
I;WC Άγκυρα 2026;112;KRISTIANSEN Daniel;3199;4;4;68;UMB ID;ΙΔΙΟ
K;WC Λιρ 2026;112;KRISTIANSEN Daniel;3199;3;3;111;UMB ID;ΙΔΙΟ
B;WC Άγκυρα 2025;113;SABANCI Baris;3334;3;3;92;UMB ID;ΙΔΙΟ
E;WC Σεούλ 2025;113;SABANCI Baris;3334;3;3;95;UMB ID;ΙΔΙΟ
F;WC Σαρμ 2025;113;SABANCI Baris;3334;3;3;105;UMB ID;ΙΔΙΟ
H;WC Χο Τσι Μινχ 2026;113;SABANCI Baris;3334;3;3;109;UMB ID;ΙΔΙΟ
K;WC Λιρ 2026;113;SABANCI Baris;3334;3;3;117;UMB ID;ΙΔΙΟ
B;WC Άγκυρα 2025;114;PAPAKONSTANTINOU Kostas;0167;3;3;86;UMB ID;ΙΔΙΟ
E;WC Σεούλ 2025;114;PAPAKONSTANTINOU Kostas;0167;5;5;45;UMB ID;ΙΔΙΟ
I;WC Άγκυρα 2026;114;PAPAKONSTANTINOU Kostas;0167;4;4;58;UMB ID;ΙΔΙΟ
J;WC Πόρτο 2026;114;PAPAKONSTANTINOU Kostas;0167;3;3;108;UMB ID;ΙΔΙΟ
B;WC Άγκυρα 2025;115;YILMAZ Vedat;2385;8;8;30;UMB ID;ΙΔΙΟ
I;WC Άγκυρα 2026;115;YILMAZ Vedat;2385;4;4;77;UMB ID;ΙΔΙΟ
J;WC Πόρτο 2026;115;YILMAZ Vedat;2385;3;3;89;UMB ID;ΙΔΙΟ
E;WC Σεούλ 2025;116;JEONG Sung Il;0954;5;5;44;UMB ID;ΙΔΙΟ
H;WC Χο Τσι Μινχ 2026;116;JEONG Sung Il;0954;10;10;24;UMB ID;ΙΔΙΟ
D;WC Αντβέρπ 2025;117;GONZALEZ Pedro;0371;8;8;30;UMB ID;ΙΔΙΟ
E;WC Σεούλ 2025;117;GONZALEZ Pedro;0371;3;3;91;UMB ID;ΙΔΙΟ
G;WC Μπογκοτά 2026;117;GONZALEZ Pedro;0371;4;4;73;UMB ID;ΙΔΙΟ
F;WC Σαρμ 2025;118;YANG Seungmo;3604;2;2;134;UMB ID;ΙΔΙΟ
H;WC Χο Τσι Μινχ 2026;118;YANG Seungmo;3604;2;2;122;UMB ID;ΙΔΙΟ
I;WC Άγκυρα 2026;118;YANG Seungmo;3604;4;4;74;UMB ID;ΙΔΙΟ
J;WC Πόρτο 2026;118;YANG Seungmo;3604;3;3;87;UMB ID;ΙΔΙΟ
K;WC Λιρ 2026;118;YANG Seungmo;3604;3;3;104;UMB ID;ΙΔΙΟ
D;WC Αντβέρπ 2025;119;MELNYTSCHENKO Cedric;0443;3;3;92;UMB ID;ΙΔΙΟ
F;WC Σαρμ 2025;119;MELNYTSCHENKO Cedric;0443;3;3;102;UMB ID;ΙΔΙΟ
I;WC Άγκυρα 2026;119;MELNYTSCHENKO Cedric;0443;3;3;89;UMB ID;ΙΔΙΟ
J;WC Πόρτο 2026;119;MELNYTSCHENKO Cedric;0443;2;2;118;UMB ID;ΙΔΙΟ
K;WC Λιρ 2026;119;MELNYTSCHENKO Cedric;0443;3;3;94;UMB ID;ΙΔΙΟ
B;WC Άγκυρα 2025;120;NGUYEN Hoan Tat;2978;4;4;54;UMB ID;ΙΔΙΟ
C;WC Πόρτο 2025;120;NGUYEN Hoan Tat;2978;3;3;87;UMB ID;ΙΔΙΟ
E;WC Σεούλ 2025;120;NGUYEN Hoan Tat;2978;5;5;43;UMB ID;ΙΔΙΟ
F;WC Σαρμ 2025;120;NGUYEN Hoan Tat;2978;3;3;88;UMB ID;ΙΔΙΟ
H;WC Χο Τσι Μινχ 2026;120;NGUYEN Hoan Tat;2978;4;4;75;UMB ID;ΙΔΙΟ
I;WC Άγκυρα 2026;120;NGUYEN Hoan Tat;2978;3;3;87;UMB ID;ΙΔΙΟ
J;WC Πόρτο 2026;120;NGUYEN Hoan Tat;2978;-8;;;;ΠΟΙΝΗ ΑΠΟΥΣΙΑΣ (δεν την έχουμε)
C;WC Πόρτο 2025;121;YILDIZ Cenk;3320;2;2;132;UMB ID;ΙΔΙΟ
D;WC Αντβέρπ 2025;121;YILDIZ Cenk;3320;2;2;128;UMB ID;ΙΔΙΟ
J;WC Πόρτο 2026;121;YILDIZ Cenk;3320;4;4;79;UMB ID;ΙΔΙΟ
K;WC Λιρ 2026;121;YILDIZ Cenk;3320;5;5;33;UMB ID;ΙΔΙΟ
G;WC Μπογκοτά 2026;122;GROOT Raymon;1845;10;10;24;UMB ID;ΙΔΙΟ
K;WC Λιρ 2026;122;GROOT Raymon;1845;3;3;89;UMB ID;ΙΔΙΟ
B;WC Άγκυρα 2025;123;OZCAN Yilmaz;0624;10;10;23;UMB ID;ΙΔΙΟ
I;WC Άγκυρα 2026;123;OZCAN Yilmaz;0624;3;3;104;UMB ID;ΙΔΙΟ
B;WC Άγκυρα 2025;124;TAKESHIMA O;0126;3;3;106;UMB ID;ΙΔΙΟ
E;WC Σεούλ 2025;124;TAKESHIMA O;0126;3;3;114;UMB ID;ΙΔΙΟ
F;WC Σαρμ 2025;124;TAKESHIMA O;0126;4;4;71;UMB ID;ΙΔΙΟ
H;WC Χο Τσι Μινχ 2026;124;TAKESHIMA O;0126;3;3;101;UMB ID;ΙΔΙΟ
A;Παγκόσμιο Μπλουά 2026;125;ROMERO Merlin;0269;8;8;48;UMB ID;ΙΔΙΟ
G;WC Μπογκοτά 2026;125;ROMERO Merlin;0269;5;5;51;UMB ID;ΙΔΙΟ
J;WC Πόρτο 2026;126;NGUYEN Dinh Quoc;2409;4;4;59;όνομα;ΙΔΙΟ
K;WC Λιρ 2026;126;NGUYEN Dinh Quoc;2409;8;8;32;όνομα;ΙΔΙΟ
D;WC Αντβέρπ 2025;127;DE BACKER Peter;0198;5;5;36;όνομα;ΙΔΙΟ
J;WC Πόρτο 2026;127;DE BACKER Peter;0198;3;3;109;όνομα;ΙΔΙΟ
K;WC Λιρ 2026;127;DE BACKER Peter;0198;4;4;80;όνομα;ΙΔΙΟ
B;WC Άγκυρα 2025;128;DURIEZ Nathan;2485;3;3;95;UMB ID;ΙΔΙΟ
C;WC Πόρτο 2025;128;DURIEZ Nathan;2485;2;2;117;UMB ID;ΙΔΙΟ
J;WC Πόρτο 2026;128;DURIEZ Nathan;2485;4;4;66;UMB ID;ΙΔΙΟ
K;WC Λιρ 2026;128;DURIEZ Nathan;2485;3;3;102;UMB ID;ΙΔΙΟ
E;WC Σεούλ 2025;129;KIM Ha Eun;7264;3;3;102;UMB ID;ΙΔΙΟ
H;WC Χο Τσι Μινχ 2026;129;KIM Ha Eun;7264;2;2;132;UMB ID;ΙΔΙΟ
I;WC Άγκυρα 2026;129;KIM Ha Eun;7264;4;4;82;UMB ID;ΙΔΙΟ
K;WC Λιρ 2026;129;KIM Ha Eun;7264;3;3;105;UMB ID;ΙΔΙΟ
B;WC Άγκυρα 2025;130;DERRADJI Samir;2438;2;2;136;UMB ID;ΙΔΙΟ
C;WC Πόρτο 2025;130;DERRADJI Samir;2438;2;2;138;UMB ID;ΙΔΙΟ
D;WC Αντβέρπ 2025;130;DERRADJI Samir;2438;2;2;148;UMB ID;ΙΔΙΟ
G;WC Μπογκοτά 2026;130;DERRADJI Samir;2438;3;3;109;UMB ID;ΙΔΙΟ
K;WC Λιρ 2026;130;DERRADJI Samir;2438;3;3;88;UMB ID;ΙΔΙΟ
C;WC Πόρτο 2025;131;ESCRIBANO Joseba;1061;3;3;99;UMB ID;ΙΔΙΟ
D;WC Αντβέρπ 2025;131;ESCRIBANO Joseba;1061;5;5;44;UMB ID;ΙΔΙΟ
J;WC Πόρτο 2026;131;ESCRIBANO Joseba;1061;4;4;81;UMB ID;ΙΔΙΟ
B;WC Άγκυρα 2025;132;CAMBERLIN Fabien;3344;3;3;91;UMB ID;ΙΔΙΟ
C;WC Πόρτο 2025;132;CAMBERLIN Fabien;3344;3;3;95;UMB ID;ΙΔΙΟ
D;WC Αντβέρπ 2025;132;CAMBERLIN Fabien;3344;3;3;113;UMB ID;ΙΔΙΟ
I;WC Άγκυρα 2026;132;CAMBERLIN Fabien;3344;3;3;96;UMB ID;ΙΔΙΟ
D;WC Αντβέρπ 2025;133;NGUYEN Van Tai;2977;5;5;45;UMB ID;ΙΔΙΟ
E;WC Σεούλ 2025;133;NGUYEN Van Tai;2977;3;3;88;UMB ID;ΙΔΙΟ
H;WC Χο Τσι Μινχ 2026;133;NGUYEN Van Tai;2977;4;4;56;UMB ID;ΙΔΙΟ
C;WC Πόρτο 2025;134;DURIEZ Tangui;2804;4;4;76;UMB ID;ΙΔΙΟ
D;WC Αντβέρπ 2025;134;DURIEZ Tangui;2804;2;2;119;UMB ID;ΙΔΙΟ
J;WC Πόρτο 2026;134;DURIEZ Tangui;2804;2;2;119;UMB ID;ΙΔΙΟ
K;WC Λιρ 2026;134;DURIEZ Tangui;2804;3;3;112;UMB ID;ΙΔΙΟ
E;WC Σεούλ 2025;135;AKYOL Vedat;3232;2;2;125;UMB ID;ΙΔΙΟ
F;WC Σαρμ 2025;135;AKYOL Vedat;3232;4;4;85;UMB ID;ΙΔΙΟ
H;WC Χο Τσι Μινχ 2026;135;AKYOL Vedat;3232;2;2;137;UMB ID;ΙΔΙΟ
K;WC Λιρ 2026;135;AKYOL Vedat;3232;3;3;108;UMB ID;ΙΔΙΟ
B;WC Άγκυρα 2025;136;D AGATA Alessio;2283;3;3;88;όνομα;ΙΔΙΟ
E;WC Σεούλ 2025;136;D AGATA Alessio;2283;5;5;41;όνομα;ΙΔΙΟ
F;WC Σαρμ 2025;136;D AGATA Alessio;2283;3;3;89;όνομα;ΙΔΙΟ
G;WC Μπογκοτά 2026;136;D AGATA Alessio;2283;-8;;;;ΠΟΙΝΗ ΑΠΟΥΣΙΑΣ (δεν την έχουμε)
H;WC Χο Τσι Μινχ 2026;136;D AGATA Alessio;2283;4;4;61;όνομα;ΙΔΙΟ
J;WC Πόρτο 2026;136;D AGATA Alessio;2283;4;4;76;όνομα;ΙΔΙΟ
B;WC Άγκυρα 2025;137;GOMARIZ Javier;2297;4;4;62;UMB ID;ΙΔΙΟ
G;WC Μπογκοτά 2026;137;GOMARIZ Javier;2297;3;3;93;UMB ID;ΙΔΙΟ
I;WC Άγκυρα 2026;137;GOMARIZ Javier;2297;4;4;81;UMB ID;ΙΔΙΟ
A;Παγκόσμιο Μπλουά 2026;138;TELLEZ Erick;0400;8;8;34;UMB ID;ΙΔΙΟ
G;WC Μπογκοτά 2026;138;TELLEZ Erick;0400;3;3;89;UMB ID;ΙΔΙΟ
H;WC Χο Τσι Μινχ 2026;139;PARK Su Yeong;1263;5;5;47;UMB ID;ΙΔΙΟ
K;WC Λιρ 2026;139;PARK Su Yeong;1263;5;5;39;UMB ID;ΙΔΙΟ
B;WC Άγκυρα 2025;140;LALANNE Patrice;3167;2;2;145;UMB ID;ΙΔΙΟ
C;WC Πόρτο 2025;140;LALANNE Patrice;3167;2;2;144;UMB ID;ΙΔΙΟ
G;WC Μπογκοτά 2026;140;LALANNE Patrice;3167;3;3;110;UMB ID;ΙΔΙΟ
I;WC Άγκυρα 2026;140;LALANNE Patrice;3167;3;3;116;UMB ID;ΙΔΙΟ
D;WC Αντβέρπ 2025;141;UMEDA Ryuuji;0133;3;3;90;UMB ID;ΙΔΙΟ
E;WC Σεούλ 2025;141;UMEDA Ryuuji;0133;4;4;71;UMB ID;ΙΔΙΟ
H;WC Χο Τσι Μινχ 2026;141;UMEDA Ryuuji;0133;3;3;87;UMB ID;ΙΔΙΟ
E;WC Σεούλ 2025;142;PATINO Hugo;0182;10;10;21;UMB ID;ΙΔΙΟ
A;Παγκόσμιο Μπλουά 2026;143;VAN ERP Jean;0220;10;10;19;UMB ID;ΙΔΙΟ
A;Παγκόσμιο Μπλουά 2026;144;MUNOZ Raymundo;0206;10;10;18;UMB ID;ΙΔΙΟ
E;WC Σεούλ 2025;145;CERKEZ Ataberk;3513;3;3;108;UMB ID;ΙΔΙΟ
F;WC Σαρμ 2025;145;CERKEZ Ataberk;3513;3;3;91;UMB ID;ΙΔΙΟ
H;WC Χο Τσι Μινχ 2026;145;CERKEZ Ataberk;3513;-8;;;;ΠΟΙΝΗ ΑΠΟΥΣΙΑΣ (δεν την έχουμε)
I;WC Άγκυρα 2026;145;CERKEZ Ataberk;3513;3;3;105;UMB ID;ΙΔΙΟ
J;WC Πόρτο 2026;145;CERKEZ Ataberk;3513;5;5;52;UMB ID;ΙΔΙΟ
K;WC Λιρ 2026;145;CERKEZ Ataberk;3513;3;3;110;UMB ID;ΙΔΙΟ
C;WC Πόρτο 2025;146;ROESTEL Norbert;1929;3;3;89;UMB ID;ΙΔΙΟ
I;WC Άγκυρα 2026;146;ROESTEL Norbert;1929;3;3;110;UMB ID;ΙΔΙΟ
K;WC Λιρ 2026;146;ROESTEL Norbert;1929;3;3;99;UMB ID;ΙΔΙΟ
B;WC Άγκυρα 2025;147;CELIK Hakan;0609;2;2;135;UMB ID;ΙΔΙΟ
C;WC Πόρτο 2025;147;CELIK Hakan;0609;2;2;120;UMB ID;ΙΔΙΟ
I;WC Άγκυρα 2026;147;CELIK Hakan;0609;2;2;132;UMB ID;ΙΔΙΟ
K;WC Λιρ 2026;147;CELIK Hakan;0609;3;3;95;UMB ID;ΙΔΙΟ
G;WC Μπογκοτά 2026;148;WEISS Alexander;1181;2;2;134;UMB ID;ΙΔΙΟ
I;WC Άγκυρα 2026;148;WEISS Alexander;1181;2;2;119;UMB ID;ΙΔΙΟ
J;WC Πόρτο 2026;148;WEISS Alexander;1181;3;3;99;UMB ID;ΙΔΙΟ
K;WC Λιρ 2026;148;WEISS Alexander;1181;2;2;125;UMB ID;ΙΔΙΟ
C;WC Πόρτο 2025;149;PHILIPOOM Luca;3457;3;3;94;όνομα;ΙΔΙΟ
D;WC Αντβέρπ 2025;149;PHILIPOOM Luca;3457;3;3;110;όνομα;ΙΔΙΟ
J;WC Πόρτο 2026;149;PHILIPOOM Luca;3457;3;3;111;όνομα;ΙΔΙΟ
G;WC Μπογκοτά 2026;150;SANTIAGO Alejandro;3277;5;5;52;UMB ID;ΙΔΙΟ
I;WC Άγκυρα 2026;150;SANTIAGO Alejandro;3277;4;4;73;UMB ID;ΙΔΙΟ
C;WC Πόρτο 2025;151;KWON Miru;3637;2;2;137;UMB ID;ΙΔΙΟ
G;WC Μπογκοτά 2026;151;KWON Miru;3637;3;3;106;UMB ID;ΙΔΙΟ
I;WC Άγκυρα 2026;151;KWON Miru;3637;4;4;80;UMB ID;ΙΔΙΟ
F;WC Σαρμ 2025;152;OZBAS Seymen;3342;5;5;35;UMB ID;ΙΔΙΟ
I;WC Άγκυρα 2026;152;OZBAS Seymen;3342;4;4;54;UMB ID;ΙΔΙΟ
C;WC Πόρτο 2025;153;CANTON Miguel;0179;3;3;105;UMB ID;ΙΔΙΟ
G;WC Μπογκοτά 2026;153;CANTON Miguel;0179;3;3;87;UMB ID;ΙΔΙΟ
I;WC Άγκυρα 2026;153;CANTON Miguel;0179;3;3;108;UMB ID;ΙΔΙΟ
B;WC Άγκυρα 2025;154;HILAIRE Jimmy;3077;2;2;142;UMB ID;ΙΔΙΟ
C;WC Πόρτο 2025;154;HILAIRE Jimmy;3077;2;2;135;UMB ID;ΙΔΙΟ
G;WC Μπογκοτά 2026;154;HILAIRE Jimmy;3077;3;3;90;UMB ID;ΙΔΙΟ
I;WC Άγκυρα 2026;154;HILAIRE Jimmy;3077;2;2;133;UMB ID;ΙΔΙΟ
B;WC Άγκυρα 2025;155;TSOKANTAS Dionisis;0587;3;3;101;UMB ID;ΙΔΙΟ
D;WC Αντβέρπ 2025;155;TSOKANTAS Dionisis;0587;3;3;95;UMB ID;ΙΔΙΟ
F;WC Σαρμ 2025;155;TSOKANTAS Dionisis;0587;3;3;90;UMB ID;ΙΔΙΟ
B;WC Άγκυρα 2025;156;MATIAKIS Athanasios;1180;3;3;112;UMB ID;ΙΔΙΟ
J;WC Πόρτο 2026;156;MATIAKIS Athanasios;1180;3;3;112;UMB ID;ΙΔΙΟ
K;WC Λιρ 2026;156;MATIAKIS Athanasios;1180;2;2;141;UMB ID;ΙΔΙΟ
C;WC Πόρτο 2025;157;BLAUWBLOMME Henk;0665;3;3;90;UMB ID;ΙΔΙΟ
D;WC Αντβέρπ 2025;157;BLAUWBLOMME Henk;0665;3;3;98;UMB ID;ΙΔΙΟ
K;WC Λιρ 2026;157;BLAUWBLOMME Henk;0665;2;2;122;UMB ID;ΙΔΙΟ
B;WC Άγκυρα 2025;158;DE KRUIJF Jordy;1584;4;4;82;όνομα;ΙΔΙΟ
C;WC Πόρτο 2025;158;DE KRUIJF Jordy;1584;4;4;80;όνομα;ΙΔΙΟ
D;WC Αντβέρπ 2025;158;DE KRUIJF Jordy;1584;4;4;76;όνομα;ΙΔΙΟ
F;WC Σαρμ 2025;158;DE KRUIJF Jordy;1584;4;4;81;όνομα;ΙΔΙΟ
H;WC Χο Τσι Μινχ 2026;158;DE KRUIJF Jordy;1584;4;4;82;όνομα;ΙΔΙΟ
I;WC Άγκυρα 2026;158;DE KRUIJF Jordy;1584;-16;;;;ΠΟΙΝΗ ΑΠΟΥΣΙΑΣ (δεν την έχουμε)
J;WC Πόρτο 2026;158;DE KRUIJF Jordy;1584;4;4;83;όνομα;ΙΔΙΟ
C;WC Πόρτο 2025;159;PINTO Luis;3286;4;4;73;UMB ID;ΙΔΙΟ
J;WC Πόρτο 2026;159;PINTO Luis;3286;4;4;77;UMB ID;ΙΔΙΟ
B;WC Άγκυρα 2025;160;DEGENER Gulsen;0847;3;3;104;UMB ID;ΙΔΙΟ
E;WC Σεούλ 2025;160;DEGENER Gulsen;0847;3;3;98;UMB ID;ΙΔΙΟ
I;WC Άγκυρα 2026;160;DEGENER Gulsen;0847;2;2;139;UMB ID;ΙΔΙΟ
B;WC Άγκυρα 2025;161;DALAKAS Dimitrios;1754;2;2;144;UMB ID;ΙΔΙΟ
C;WC Πόρτο 2025;161;DALAKAS Dimitrios;1754;2;2;146;UMB ID;ΙΔΙΟ
D;WC Αντβέρπ 2025;161;DALAKAS Dimitrios;1754;2;2;140;UMB ID;ΙΔΙΟ
I;WC Άγκυρα 2026;161;DALAKAS Dimitrios;1754;2;2;128;UMB ID;ΙΔΙΟ
H;WC Χο Τσι Μινχ 2026;162;NGUYEN Van Tri;2723;8;8;32;UMB ID;ΙΔΙΟ
C;WC Πόρτο 2025;163;KANBARA Masataka;0521;2;2;136;UMB ID;ΙΔΙΟ
E;WC Σεούλ 2025;163;KANBARA Masataka;0521;3;3;109;UMB ID;ΙΔΙΟ
H;WC Χο Τσι Μινχ 2026;163;KANBARA Masataka;0521;3;3;106;UMB ID;ΙΔΙΟ
B;WC Άγκυρα 2025;164;DE KOK Joey;2601;4;4;63;όνομα;ΙΔΙΟ
C;WC Πόρτο 2025;164;DE KOK Joey;2601;4;4;57;όνομα;ΙΔΙΟ
D;WC Αντβέρπ 2025;164;DE KOK Joey;2601;4;4;66;όνομα;ΙΔΙΟ
F;WC Σαρμ 2025;164;DE KOK Joey;2601;4;4;74;όνομα;ΙΔΙΟ
G;WC Μπογκοτά 2026;164;DE KOK Joey;2601;-8;;;;ΠΟΙΝΗ ΑΠΟΥΣΙΑΣ (δεν την έχουμε)
C;WC Πόρτο 2025;165;KOLFAD Jihad;2672;8;8;32;UMB ID;ΙΔΙΟ
A;Παγκόσμιο Μπλουά 2026;166;CETIN Behzat;0312;8;8;44;όνομα;ΙΔΙΟ
A;Παγκόσμιο Μπλουά 2026;167;ITAI Atsunobu;3114;8;8;41;UMB ID;ΙΔΙΟ
A;Παγκόσμιο Μπλουά 2026;168;CHAU Hong Thai;3773;8;8;36;UMB ID;ΙΔΙΟ
A;Παγκόσμιο Μπλουά 2026;169;SONG Yun Do;8132;8;8;42;UMB ID;ΙΔΙΟ
A;Παγκόσμιο Μπλουά 2026;170;KNUDSEN Thomas;3185;8;8;46;όνομα;ΙΔΙΟ
C;WC Πόρτο 2025;171;PRASSAS Konstantinos;3165;2;2;141;όνομα;ΙΔΙΟ
D;WC Αντβέρπ 2025;171;PRASSAS Konstantinos;3165;3;3;99;όνομα;ΙΔΙΟ
F;WC Σαρμ 2025;171;PRASSAS Konstantinos;3165;3;3;95;όνομα;ΙΔΙΟ
I;WC Άγκυρα 2026;171;PRASSAS Konstantinos;3165;-8;;;;ΠΟΙΝΗ ΑΠΟΥΣΙΑΣ (δεν την έχουμε)
J;WC Πόρτο 2026;171;PRASSAS Konstantinos;3165;3;3;97;όνομα;ΙΔΙΟ
K;WC Λιρ 2026;171;PRASSAS Konstantinos;3165;4;4;67;όνομα;ΙΔΙΟ
D;WC Αντβέρπ 2025;172;BRANTS Ronny;1206;3;3;88;UMB ID;ΙΔΙΟ
K;WC Λιρ 2026;172;BRANTS Ronny;1206;4;4;71;UMB ID;ΙΔΙΟ
F;WC Σαρμ 2025;173;ORLANDO Francesco;0509;4;4;63;UMB ID;ΙΔΙΟ
K;WC Λιρ 2026;173;ORLANDO Francesco;0509;3;3;114;UMB ID;ΙΔΙΟ
D;WC Αντβέρπ 2025;174;COENEN Philip;0533;2;2;126;UMB ID;ΙΔΙΟ
F;WC Σαρμ 2025;174;COENEN Philip;0533;3;3;100;UMB ID;ΙΔΙΟ
K;WC Λιρ 2026;174;COENEN Philip;0533;2;2;142;UMB ID;ΙΔΙΟ
G;WC Μπογκοτά 2026;175;TAS Soner;1211;4;4;68;όνομα;ΙΔΙΟ
J;WC Πόρτο 2026;175;TAS Soner;1211;3;3;104;όνομα;ΙΔΙΟ
E;WC Σεούλ 2025;176;ANGUITA Carlos;2196;4;4;75;UMB ID;ΙΔΙΟ
J;WC Πόρτο 2026;176;ANGUITA Carlos;2196;3;3;91;UMB ID;ΙΔΙΟ
B;WC Άγκυρα 2025;177;FADL Mostafa;1890;3;3;116;UMB ID;ΙΔΙΟ
F;WC Σαρμ 2025;177;FADL Mostafa;1890;2;2;131;UMB ID;ΙΔΙΟ
I;WC Άγκυρα 2026;177;FADL Mostafa;1890;2;2;138;UMB ID;ΙΔΙΟ
E;WC Σεούλ 2025;178;MIYASHITA Takao;0237;4;4;62;UMB ID;ΙΔΙΟ
H;WC Χο Τσι Μινχ 2026;178;MIYASHITA Takao;0237;3;3;102;UMB ID;ΙΔΙΟ
E;WC Σεούλ 2025;179;KIM Geonyun;3258;5;5;46;UMB ID;ΙΔΙΟ
H;WC Χο Τσι Μινχ 2026;179;KIM Geonyun;3258;2;2;131;UMB ID;ΙΔΙΟ
C;WC Πόρτο 2025;180;DEMMING Adrie;1726;4;4;81;UMB ID;ΙΔΙΟ
F;WC Σαρμ 2025;180;DEMMING Adrie;1726;3;3;99;UMB ID;ΙΔΙΟ
D;WC Αντβέρπ 2025;181;SAINZ PARDO Daniel;3193;5;5;53;UMB ID;ΙΔΙΟ
E;WC Σεούλ 2025;181;SAINZ PARDO Daniel;3193;2;2;128;UMB ID;ΙΔΙΟ
D;WC Αντβέρπ 2025;182;CEULEMANS Bart;0396;2;2;139;UMB ID;ΙΔΙΟ
K;WC Λιρ 2026;182;CEULEMANS Bart;0396;4;4;77;UMB ID;ΙΔΙΟ
D;WC Αντβέρπ 2025;183;BOUTET Dany;2861;3;3;86;UMB ID;ΙΔΙΟ
K;WC Λιρ 2026;183;BOUTET Dany;2861;3;3;93;UMB ID;ΙΔΙΟ
D;WC Αντβέρπ 2025;184;WALLERAND Paul;3211;3;3;87;UMB ID;ΙΔΙΟ
K;WC Λιρ 2026;184;WALLERAND Paul;3211;3;3;97;UMB ID;ΙΔΙΟ
E;WC Σεούλ 2025;185;DEMIR Ilhan;3349;2;2;138;UMB ID;ΙΔΙΟ
H;WC Χο Τσι Μινχ 2026;185;DEMIR Ilhan;3349;2;2;142;UMB ID;ΙΔΙΟ
K;WC Λιρ 2026;185;DEMIR Ilhan;3349;2;2;145;UMB ID;ΙΔΙΟ
D;WC Αντβέρπ 2025;186;WILKOWSKI Joeri;3642;2;2;149;όνομα;ΙΔΙΟ
F;WC Σαρμ 2025;186;WILKOWSKI Joeri;3642;2;2;117;όνομα;ΙΔΙΟ
K;WC Λιρ 2026;186;WILKOWSKI Joeri;3642;2;2;143;όνομα;ΙΔΙΟ
H;WC Χο Τσι Μινχ 2026;187;CEYLAN Mustafa Oguz;3714;3;3;98;όνομα;ΙΔΙΟ
J;WC Πόρτο 2026;187;CEYLAN Mustafa Oguz;3714;3;3;103;όνομα;ΙΔΙΟ
C;WC Πόρτο 2025;188;SILVA Anibal;2460;3;3;97;UMB ID;ΙΔΙΟ
J;WC Πόρτο 2026;188;SILVA Anibal;2460;3;3;102;UMB ID;ΙΔΙΟ
B;WC Άγκυρα 2025;189;ANDALUZ ANTON Valentin;0694;2;2;138;UMB ID;ΙΔΙΟ
D;WC Αντβέρπ 2025;189;ANDALUZ ANTON Valentin;0694;2;2;134;UMB ID;ΙΔΙΟ
J;WC Πόρτο 2026;189;ANDALUZ ANTON Valentin;0694;2;2;122;UMB ID;ΙΔΙΟ
B;WC Άγκυρα 2025;190;BASEGMEZ Emrullah;0408;5;5;47;UMB ID;ΙΔΙΟ
C;WC Πόρτο 2025;190;BASEGMEZ Emrullah;0408;10;10;18;UMB ID;ΙΔΙΟ
D;WC Αντβέρπ 2025;190;BASEGMEZ Emrullah;0408;4;4;58;UMB ID;ΙΔΙΟ
E;WC Σεούλ 2025;190;BASEGMEZ Emrullah;0408;-16;;;;ΠΟΙΝΗ ΑΠΟΥΣΙΑΣ (δεν την έχουμε)
I;WC Άγκυρα 2026;190;BASEGMEZ Emrullah;0408;3;3;91;UMB ID;ΙΔΙΟ
B;WC Άγκυρα 2025;191;ABOUSALEH Fadi;1696;2;2;121;UMB ID;ΙΔΙΟ
F;WC Σαρμ 2025;191;ABOUSALEH Fadi;1696;2;2;128;UMB ID;ΙΔΙΟ
I;WC Άγκυρα 2026;191;ABOUSALEH Fadi;1696;2;2;127;UMB ID;ΙΔΙΟ
E;WC Σεούλ 2025;192;HAGIWARA Takamasa;0284;3;3;110;UMB ID;ΙΔΙΟ
H;WC Χο Τσι Μινχ 2026;192;HAGIWARA Takamasa;0284;3;3;110;UMB ID;ΙΔΙΟ
E;WC Σεούλ 2025;193;NAKAJIMA Hironori;2063;3;3;96;UMB ID;ΙΔΙΟ
H;WC Χο Τσι Μινχ 2026;193;NAKAJIMA Hironori;2063;3;3;97;UMB ID;ΙΔΙΟ
E;WC Σεούλ 2025;194;ARAI Tatsuo;0168;4;4;64;UMB ID;ΙΔΙΟ
H;WC Χο Τσι Μινχ 2026;194;ARAI Tatsuo;0168;2;2;119;UMB ID;ΙΔΙΟ
E;WC Σεούλ 2025;195;KOSEOGLU Ahmet;0975;3;3;92;UMB ID;ΙΔΙΟ
G;WC Μπογκοτά 2026;195;KOSEOGLU Ahmet;0975;3;3;105;UMB ID;ΙΔΙΟ
C;WC Πόρτο 2025;196;SABRY Mohamed;2215;2;2;134;UMB ID;ΙΔΙΟ
F;WC Σαρμ 2025;196;SABRY Mohamed;2215;4;4;83;UMB ID;ΙΔΙΟ
B;WC Άγκυρα 2025;197;TSOKANTAS Georgios;1753;4;4;68;UMB ID;ΙΔΙΟ
F;WC Σαρμ 2025;197;TSOKANTAS Georgios;1753;2;2;118;UMB ID;ΙΔΙΟ
B;WC Άγκυρα 2025;198;MORENO Daniel;3402;3;3;90;UMB ID;ΙΔΙΟ
C;WC Πόρτο 2025;198;MORENO Daniel;3402;3;3;86;UMB ID;ΙΔΙΟ
K;WC Λιρ 2026;199;CHRISTOFORIDIS Nikolaos;3449;5;5;40;όνομα;ΙΔΙΟ
F;WC Σαρμ 2025;200;HABY Jean;3667;2;2;122;UMB ID;ΙΔΙΟ
K;WC Λιρ 2026;200;HABY Jean;3667;3;3;92;UMB ID;ΙΔΙΟ
D;WC Αντβέρπ 2025;201;KLOMPENHOUWER Therese;0201;2;2;123;UMB ID;ΙΔΙΟ
K;WC Λιρ 2026;201;KLOMPENHOUWER Therese;0201;3;3;86;UMB ID;ΙΔΙΟ
D;WC Αντβέρπ 2025;202;VAN HAVERE Davy;0663;2;2;120;UMB ID;ΙΔΙΟ
K;WC Λιρ 2026;202;VAN HAVERE Davy;0663;3;3;98;UMB ID;ΙΔΙΟ
J;WC Πόρτο 2026;203;WITTENS Kees;0837;3;3;94;UMB ID;ΙΔΙΟ
K;WC Λιρ 2026;203;WITTENS Kees;0837;2;2;131;UMB ID;ΙΔΙΟ
I;WC Άγκυρα 2026;204;NEBUDA Dominik;0938;3;3;103;UMB ID;ΙΔΙΟ
K;WC Λιρ 2026;204;NEBUDA Dominik;0938;2;2;139;UMB ID;ΙΔΙΟ
D;WC Αντβέρπ 2025;205;VANDENDRIESSCHE Philippe;2862;3;3;109;UMB ID;ΙΔΙΟ
K;WC Λιρ 2026;205;VANDENDRIESSCHE Philippe;2862;2;2;140;UMB ID;ΙΔΙΟ
C;WC Πόρτο 2025;206;SANTOS OLIVEIRA Manuel;0473;2;2;119;UMB ID;ΙΔΙΟ
J;WC Πόρτο 2026;206;SANTOS OLIVEIRA Manuel;0473;3;3;98;UMB ID;ΙΔΙΟ
C;WC Πόρτο 2025;207;BACHMAIER Roman;0930;2;2;139;UMB ID;ΙΔΙΟ
J;WC Πόρτο 2026;207;BACHMAIER Roman;0930;3;3;115;UMB ID;ΙΔΙΟ
C;WC Πόρτο 2025;208;MENDES Joaquim;3638;2;2;140;UMB ID;ΙΔΙΟ
J;WC Πόρτο 2026;208;MENDES Joaquim;3638;3;3;114;UMB ID;ΙΔΙΟ
C;WC Πόρτο 2025;209;SANTOS Goncalo;3287;3;3;109;UMB ID;ΙΔΙΟ
J;WC Πόρτο 2026;209;SANTOS Goncalo;3287;2;2;136;UMB ID;ΙΔΙΟ
C;WC Πόρτο 2025;210;RIOTTO Jerome;2543;2;2;133;UMB ID;ΙΔΙΟ
I;WC Άγκυρα 2026;210;RIOTTO Jerome;2543;3;3;100;UMB ID;ΙΔΙΟ
G;WC Μπογκοτά 2026;211;TRUEBA Juan Carlos;3527;3;3;114;UMB ID;ΙΔΙΟ
I;WC Άγκυρα 2026;211;TRUEBA Juan Carlos;3527;2;2;137;UMB ID;ΙΔΙΟ
H;WC Χο Τσι Μινχ 2026;212;DOAN Minh Kiet;2976;5;5;50;UMB ID;ΙΔΙΟ
H;WC Χο Τσι Μινχ 2026;213;HUYEN Mai Tan;3083;5;5;38;UMB ID;ΙΔΙΟ
H;WC Χο Τσι Μινχ 2026;214;HO Quan Thai;3571;5;5;36;όνομα;ΙΔΙΟ
E;WC Σεούλ 2025;215;DO NGUYEN Trung Hau;1412;2;2;133;όνομα;ΙΔΙΟ
H;WC Χο Τσι Μινχ 2026;215;DO NGUYEN Trung Hau;1412;3;3;92;όνομα;ΙΔΙΟ
G;WC Μπογκοτά 2026;216;LIZARAZO Andres;0202;5;5;43;UMB ID;ΙΔΙΟ
B;WC Άγκυρα 2025;217;AKBICAK Murat;3283;2;2;139;UMB ID;ΙΔΙΟ
G;WC Μπογκοτά 2026;217;AKBICAK Murat;3283;3;3;115;UMB ID;ΙΔΙΟ
E;WC Σεούλ 2025;218;CHO Chi Yeon;0277;5;5;52;όνομα;ΙΔΙΟ
E;WC Σεούλ 2025;219;PARK Chun Woo;2415;5;5;36;UMB ID;ΙΔΙΟ
C;WC Πόρτο 2025;220;SILVA Fernando Manuel;1836;3;3;111;UMB ID;ΙΔΙΟ
D;WC Αντβέρπ 2025;220;SILVA Fernando Manuel;1836;2;2;141;UMB ID;ΙΔΙΟ
B;WC Άγκυρα 2025;221;AKSOY Mehmet;0298;5;5;40;UMB ID;ΙΔΙΟ
B;WC Άγκυρα 2025;222;YALCIN Necdet;1204;5;5;52;UMB ID;ΙΔΙΟ
J;WC Πόρτο 2026;223;BUYLE Stany;2542;2;2;138;UMB ID;ΙΔΙΟ
K;WC Λιρ 2026;223;BUYLE Stany;2542;2;2;138;UMB ID;ΙΔΙΟ
I;WC Άγκυρα 2026;224;FAKHOURY Salim;3749;2;2;140;UMB ID;ΙΔΙΟ
K;WC Λιρ 2026;224;FAKHOURY Salim;3749;2;2;147;UMB ID;ΙΔΙΟ
D;WC Αντβέρπ 2025;225;FORTON Francis;0259;2;2;124;UMB ID;ΙΔΙΟ
K;WC Λιρ 2026;225;FORTON Francis;0259;2;2;120;UMB ID;ΙΔΙΟ
D;WC Αντβέρπ 2025;226;WUYTS Danny;1942;2;2;118;UMB ID;ΙΔΙΟ
K;WC Λιρ 2026;226;WUYTS Danny;1942;2;2;128;UMB ID;ΙΔΙΟ
D;WC Αντβέρπ 2025;227;DE BONDT Andy;1739;2;2;135;όνομα;ΙΔΙΟ
K;WC Λιρ 2026;227;DE BONDT Andy;1739;2;2;123;όνομα;ΙΔΙΟ
D;WC Αντβέρπ 2025;228;WEEREMANS Dirk;0670;2;2;127;UMB ID;ΙΔΙΟ
K;WC Λιρ 2026;228;WEEREMANS Dirk;0670;2;2;133;UMB ID;ΙΔΙΟ
D;WC Αντβέρπ 2025;229;BROUX Thomas;1050;2;2;136;UMB ID;ΙΔΙΟ
K;WC Λιρ 2026;229;BROUX Thomas;1050;2;2;134;UMB ID;ΙΔΙΟ
D;WC Αντβέρπ 2025;230;BOLLANSEE Toon;3640;2;2;129;όνομα;ΙΔΙΟ
K;WC Λιρ 2026;230;BOLLANSEE Toon;3640;2;2;127;όνομα;ΙΔΙΟ
F;WC Σαρμ 2025;231;KILICASLAN Aziz;2176;3;3;101;UMB ID;ΙΔΙΟ
G;WC Μπογκοτά 2026;231;KILICASLAN Aziz;2176;-8;;;;ΠΟΙΝΗ ΑΠΟΥΣΙΑΣ (δεν την έχουμε)
H;WC Χο Τσι Μινχ 2026;231;KILICASLAN Aziz;2176;4;4;63;UMB ID;ΙΔΙΟ
I;WC Άγκυρα 2026;231;KILICASLAN Aziz;2176;2;2;131;UMB ID;ΙΔΙΟ
J;WC Πόρτο 2026;231;KILICASLAN Aziz;2176;3;3;105;UMB ID;ΙΔΙΟ
I;WC Άγκυρα 2026;232;KIM Sooah;3751;2;2;144;UMB ID;ΙΔΙΟ
J;WC Πόρτο 2026;232;KIM Sooah;3751;2;2;149;UMB ID;ΙΔΙΟ
G;WC Μπογκοτά 2026;233;ULKU Mustafa;3695;2;2;141;UMB ID;ΙΔΙΟ
J;WC Πόρτο 2026;233;ULKU Mustafa;3695;2;2;134;UMB ID;ΙΔΙΟ
F;WC Σαρμ 2025;234;DENIZ Sezer;3353;2;2;142;UMB ID;ΙΔΙΟ
J;WC Πόρτο 2026;234;DENIZ Sezer;3353;2;2;147;UMB ID;ΙΔΙΟ
F;WC Σαρμ 2025;235;ISLI Onur;3671;2;2;141;UMB ID;ΙΔΙΟ
J;WC Πόρτο 2026;235;ISLI Onur;3671;2;2;130;UMB ID;ΙΔΙΟ
C;WC Πόρτο 2025;236;TRUONG Tay Dien;1903;2;2;129;UMB ID;ΙΔΙΟ
J;WC Πόρτο 2026;236;TRUONG Tay Dien;1903;2;2;124;UMB ID;ΙΔΙΟ
C;WC Πόρτο 2025;237;FIGUEIREDO Artur;1837;2;2;142;UMB ID;ΙΔΙΟ
J;WC Πόρτο 2026;237;FIGUEIREDO Artur;1837;2;2;137;UMB ID;ΙΔΙΟ
C;WC Πόρτο 2025;238;ESCUDEIRO Jose;1978;2;2;131;όνομα;ΙΔΙΟ
J;WC Πόρτο 2026;238;ESCUDEIRO Jose;1978;2;2;145;όνομα;ΙΔΙΟ
C;WC Πόρτο 2025;239;RODRIGUES Francisco;0270;2;2;121;UMB ID;ΙΔΙΟ
J;WC Πόρτο 2026;239;RODRIGUES Francisco;0270;2;2;135;UMB ID;ΙΔΙΟ
I;WC Άγκυρα 2026;240;ALTUNTASLAR Hayri;1748;4;4;65;όνομα;ΙΔΙΟ
I;WC Άγκυρα 2026;241;KAHRAMAN Serkan;3742;4;4;66;UMB ID;ΙΔΙΟ
F;WC Σαρμ 2025;242;SALEH Mohamed;3070;2;2;136;UMB ID;ΙΔΙΟ
I;WC Άγκυρα 2026;242;SALEH Mohamed;3070;2;2;129;UMB ID;ΙΔΙΟ
B;WC Άγκυρα 2025;243;DIAB Medhat;1955;2;2;148;UMB ID;ΙΔΙΟ
I;WC Άγκυρα 2026;243;DIAB Medhat;1955;2;2;145;UMB ID;ΙΔΙΟ
B;WC Άγκυρα 2025;244;YIGIT Selahattin;0929;2;2;137;UMB ID;ΙΔΙΟ
I;WC Άγκυρα 2026;244;YIGIT Selahattin;0929;2;2;126;UMB ID;ΙΔΙΟ
B;WC Άγκυρα 2025;245;KARAKASLI Mujde;2478;2;2;129;UMB ID;ΙΔΙΟ
I;WC Άγκυρα 2026;245;KARAKASLI Mujde;2478;2;2;135;UMB ID;ΙΔΙΟ
B;WC Άγκυρα 2025;246;CHALKIADAKIS Emmanuel;3631;2;2;130;όνομα;ΙΔΙΟ
I;WC Άγκυρα 2026;246;CHALKIADAKIS Emmanuel;3631;2;2;136;όνομα;ΙΔΙΟ
B;WC Άγκυρα 2025;247;BIALLAS Stefan;3633;2;2;147;UMB ID;ΙΔΙΟ
I;WC Άγκυρα 2026;247;BIALLAS Stefan;3633;2;2;143;UMB ID;ΙΔΙΟ
H;WC Χο Τσι Μινχ 2026;248;LE Quoc Ho;2256;4;4;73;όνομα;ΙΔΙΟ
H;WC Χο Τσι Μινχ 2026;249;JANG Sung Won;2412;4;4;55;UMB ID;ΙΔΙΟ
H;WC Χο Τσι Μινχ 2026;250;KIM Hyeon Woo;3518;4;4;59;όνομα;ΙΔΙΟ
H;WC Χο Τσι Μινχ 2026;251;TRAN Cao Tri;3170;4;4;67;UMB ID;ΙΔΙΟ
H;WC Χο Τσι Μινχ 2026;252;VUONG Minh Thien;0453;4;4;68;UMB ID;ΙΔΙΟ
H;WC Χο Τσι Μινχ 2026;253;TONG Van Dao;3712;4;4;60;UMB ID;ΙΔΙΟ
G;WC Μπογκοτά 2026;254;DILLEMA Feije Mient;3557;2;2;128;UMB ID;ΙΔΙΟ
H;WC Χο Τσι Μινχ 2026;254;DILLEMA Feije Mient;3557;2;2;143;UMB ID;ΙΔΙΟ
E;WC Σεούλ 2025;255;YASUMA Kaori;1248;2;2;148;όνομα;ΙΔΙΟ
H;WC Χο Τσι Μινχ 2026;255;YASUMA Kaori;1248;2;2;146;όνομα;ΙΔΙΟ
E;WC Σεούλ 2025;256;SASAKI Hiroshi;0357;2;2;146;UMB ID;ΙΔΙΟ
H;WC Χο Τσι Μινχ 2026;256;SASAKI Hiroshi;0357;2;2;141;UMB ID;ΙΔΙΟ
G;WC Μπογκοτά 2026;257;GUTIERREZ Mauricio;2621;4;4;67;UMB ID;ΙΔΙΟ
G;WC Μπογκοτά 2026;258;AYALA Julio;1380;4;4;62;UMB ID;ΙΔΙΟ
G;WC Μπογκοτά 2026;259;PARK John;2954;4;4;74;UMB ID;ΙΔΙΟ
G;WC Μπογκοτά 2026;260;DIAZ Henry;0152;4;4;78;UMB ID;ΙΔΙΟ
G;WC Μπογκοτά 2026;261;MONTOYA Camilo;3175;4;4;64;όνομα;ΙΔΙΟ
G;WC Μπογκοτά 2026;262;MARTINEZ Duvan;3684;4;4;83;όνομα;ΙΔΙΟ
F;WC Σαρμ 2025;263;MALKADI Ahmet;2953;4;4;65;UMB ID;ΙΔΙΟ
F;WC Σαρμ 2025;264;ABDALLAH Ahmed;0300;4;4;79;UMB ID;ΙΔΙΟ
F;WC Σαρμ 2025;265;GAZDOS Ivo;0302;4;4;77;UMB ID;ΙΔΙΟ
B;WC Άγκυρα 2025;266;TREMOULIS Alex;3323;2;2;143;όνομα;ΙΔΙΟ
F;WC Σαρμ 2025;266;TREMOULIS Alex;3323;2;2;130;όνομα;ΙΔΙΟ
E;WC Σεούλ 2025;267;LE Nguyen Nhu;3082;4;4;60;όνομα;ΙΔΙΟ
E;WC Σεούλ 2025;268;KIM Young Ho;2164;4;4;70;UMB ID;ΙΔΙΟ
E;WC Σεούλ 2025;269;YEONGYUN Jo;3261;4;4;80;UMB ID;ΙΔΙΟ
B;WC Άγκυρα 2025;270;Dominique JANVIER;3354;2;2;140;UMB ID;ΙΔΙΟ
E;WC Σεούλ 2025;270;Dominique JANVIER;3354;2;2;135;UMB ID;ΙΔΙΟ
B;WC Άγκυρα 2025;271;ERDOGAN Ecevit Eray;2856;4;4;57;UMB ID;ΙΔΙΟ
B;WC Άγκυρα 2025;272;CELIK Murat;0831;4;4;66;UMB ID;ΙΔΙΟ
K;WC Λιρ 2026;273;IBRAIMOV Bajram;1596;3;3;96;UMB ID;ΙΔΙΟ
K;WC Λιρ 2026;274;VAN BEERS Barry;0162;3;3;101;UMB ID;ΙΔΙΟ
K;WC Λιρ 2026;275;JANSSEN Marco;1048;3;3;109;UMB ID;ΙΔΙΟ
J;WC Πόρτο 2026;276;REFASSI Badreddine;3284;3;3;86;όνομα;ΙΔΙΟ
J;WC Πόρτο 2026;277;KAYA Abdullah;3767;3;3;101;UMB ID;ΙΔΙΟ
H;WC Χο Τσι Μινχ 2026;278;NGUYEN Minh Tri;3713;3;3;89;όνομα;ΙΔΙΟ
H;WC Χο Τσι Μινχ 2026;279;NGUYEN Hoang Duy;3715;3;3;103;UMB ID;ΙΔΙΟ
H;WC Χο Τσι Μινχ 2026;280;ROUBY Guillaume;3716;3;3;111;UMB ID;ΙΔΙΟ
G;WC Μπογκοτά 2026;281;SOBREYRA Luis;3469;3;3;104;UMB ID;ΙΔΙΟ
G;WC Μπογκοτά 2026;282;SEAS Alvaro;2707;3;3;102;UMB ID;ΙΔΙΟ
G;WC Μπογκοτά 2026;283;HONG Seung Kwon;3058;3;3;91;UMB ID;ΙΔΙΟ
G;WC Μπογκοτά 2026;284;CEBALLOS Jovanny;3053;3;3;92;UMB ID;ΙΔΙΟ
G;WC Μπογκοτά 2026;285;SALVADOR Mauro;2338;3;3;103;UMB ID;ΙΔΙΟ
G;WC Μπογκοτά 2026;286;GARZON Cesar;2335;3;3;97;UMB ID;ΙΔΙΟ
G;WC Μπογκοτά 2026;287;VILLEGAS Carlos Mario;0178;3;3;101;UMB ID;ΙΔΙΟ
G;WC Μπογκοτά 2026;288;SACCO Guido;0343;3;3;111;UMB ID;ΙΔΙΟ
G;WC Μπογκοτά 2026;289;ZAMORA Harry;3121;3;3;96;UMB ID;ΙΔΙΟ
G;WC Μπογκοτά 2026;290;RODRIGUEZ Carlos;3685;3;3;99;UMB ID;ΙΔΙΟ
G;WC Μπογκοτά 2026;291;LEON Lara Jose Isidro;3686;3;3;113;όνομα;ΙΔΙΟ
F;WC Σαρμ 2025;292;HENRY Ragay;0212;3;3;108;UMB ID;ΙΔΙΟ
F;WC Σαρμ 2025;293;FALANGAS Christos;3319;3;3;106;UMB ID;ΙΔΙΟ
F;WC Σαρμ 2025;294;KAYA Ugur;3666;3;3;103;UMB ID;ΙΔΙΟ
E;WC Σεούλ 2025;295;KIM Dong Ryong;0286;3;3;103;UMB ID;ΙΔΙΟ
E;WC Σεούλ 2025;296;KIM Bong Soo;0550;3;3;107;UMB ID;ΙΔΙΟ
E;WC Σεούλ 2025;297;DINH The Vinh;3609;3;3;87;UMB ID;ΙΔΙΟ
E;WC Σεούλ 2025;298;NGUYEN TRAN THANH Tao;3085;3;3;99;UMB ID;ΙΔΙΟ
E;WC Σεούλ 2025;299;FUNAKI Shouta;2573;3;3;89;UMB ID;ΙΔΙΟ
E;WC Σεούλ 2025;300;RYU Hoon Sang;3655;3;3;106;UMB ID;ΙΔΙΟ
E;WC Σεούλ 2025;301;CHOI Woo Hyun;3656;3;3;113;UMB ID;ΙΔΙΟ
E;WC Σεούλ 2025;302;PARK Sam Gu;3538;3;3;94;UMB ID;ΙΔΙΟ
D;WC Αντβέρπ 2025;303;VAN ACKER Steven;0434;3;3;100;UMB ID;ΙΔΙΟ
C;WC Πόρτο 2025;304;COSTA Jorge;0925;3;3;113;UMB ID;ΙΔΙΟ
C;WC Πόρτο 2025;305;BACK Marcel;2667;3;3;110;UMB ID;ΙΔΙΟ
C;WC Πόρτο 2025;306;REVERCHON Jean;0196;3;3;108;UMB ID;ΙΔΙΟ
C;WC Πόρτο 2025;307;EDGAR Rui;3280;3;3;107;UMB ID;ΙΔΙΟ
C;WC Πόρτο 2025;308;LEGAZPI LORENZO Alfonso;0634;3;3;98;όνομα;ΙΔΙΟ
C;WC Πόρτο 2025;309;BOUCHAT Fabrice;3635;3;3;103;όνομα;ΙΔΙΟ
B;WC Άγκυρα 2025;310;BAYRAMOGLU Temel Kaptan;1732;3;3;102;UMB ID;ΙΔΙΟ
B;WC Άγκυρα 2025;311;INCEKARA Hakan;0566;3;3;94;UMB ID;ΙΔΙΟ
C;WC Πόρτο 2025;312;KOKKORIS Kostantinos;0293;3;3;91;UMB ID;ΙΔΙΟ
D;WC Αντβέρπ 2025;312;KOKKORIS Kostantinos;0293;2;2;121;UMB ID;ΙΔΙΟ
E;WC Σεούλ 2025;312;KOKKORIS Kostantinos;0293;3;3;86;UMB ID;ΙΔΙΟ
G;WC Μπογκοτά 2026;312;KOKKORIS Kostantinos;0293;-16;;;;ΠΟΙΝΗ ΑΠΟΥΣΙΑΣ (δεν την έχουμε)
I;WC Άγκυρα 2026;312;KOKKORIS Kostantinos;0293;5;5;52;UMB ID;ΙΔΙΟ
K;WC Λιρ 2026;312;KOKKORIS Kostantinos;0293;5;5;34;UMB ID;ΙΔΙΟ
K;WC Λιρ 2026;313;SOUSA Manuel;1290;2;2;135;UMB ID;ΙΔΙΟ
K;WC Λιρ 2026;314;VAN PEER Jack;2808;2;2;136;UMB ID;ΙΔΙΟ
K;WC Λιρ 2026;315;TEIXEIRA Rui;3325;2;2;132;UMB ID;ΙΔΙΟ
K;WC Λιρ 2026;316;FRAZAO Vitor;2638;2;2;144;UMB ID;ΙΔΙΟ
K;WC Λιρ 2026;317;VAN HEES Stef;2777;2;2;126;UMB ID;ΙΔΙΟ
K;WC Λιρ 2026;318;SAVER Koen;0915;2;2;121;UMB ID;ΙΔΙΟ
K;WC Λιρ 2026;319;OZBAY Mustafa;2184;2;2;130;UMB ID;ΙΔΙΟ
K;WC Λιρ 2026;320;DE RUYTE Tom;3677;2;2;119;όνομα;ΙΔΙΟ
K;WC Λιρ 2026;321;IDE Jakob;8108;2;2;129;UMB ID;ΙΔΙΟ
K;WC Λιρ 2026;322;LEGENDRE Nathan;3772;2;2;137;UMB ID;ΙΔΙΟ
K;WC Λιρ 2026;323;NAJJARI Amal;7171;2;2;148;UMB ID;ΙΔΙΟ
J;WC Πόρτο 2026;324;ANTUNES Jose;3466;2;2;144;UMB ID;ΙΔΙΟ
J;WC Πόρτο 2026;325;ANDRADE Paulo;0324;2;2;123;UMB ID;ΙΔΙΟ
J;WC Πόρτο 2026;326;THUER Herbert;0257;2;2;133;UMB ID;ΙΔΙΟ
J;WC Πόρτο 2026;327;SANTOS Coriolano;1296;2;2;131;UMB ID;ΙΔΙΟ
J;WC Πόρτο 2026;328;ARANHA Mario G;0405;2;2;120;UMB ID;ΙΔΙΟ
J;WC Πόρτο 2026;329;ANDALUZ BLAZQUEZ Valentin;1939;2;2;139;UMB ID;ΙΔΙΟ
J;WC Πόρτο 2026;330;MEKES Charles;2778;2;2;127;UMB ID;ΙΔΙΟ
J;WC Πόρτο 2026;331;MONTEIRO Fernando;1283;2;2;129;UMB ID;ΙΔΙΟ
J;WC Πόρτο 2026;332;JURADO Walter;1194;2;2;142;UMB ID;ΙΔΙΟ
J;WC Πόρτο 2026;333;RIO Manuel;1277;2;2;141;όνομα;ΙΔΙΟ
J;WC Πόρτο 2026;334;GOMES Joao;1830;2;2;126;UMB ID;ΙΔΙΟ
J;WC Πόρτο 2026;335;FERNANDES Vitor;1974;2;2;128;UMB ID;ΙΔΙΟ
J;WC Πόρτο 2026;336;BISCAIA Jose;2289;2;2;140;UMB ID;ΙΔΙΟ
J;WC Πόρτο 2026;337;PALHARES Paulo;2455;2;2;125;όνομα;ΙΔΙΟ
J;WC Πόρτο 2026;338;PRATES Manuel;3754;2;2;143;UMB ID;ΙΔΙΟ
J;WC Πόρτο 2026;339;KUCUKZOROGLU Bertu;3768;2;2;146;UMB ID;ΙΔΙΟ
J;WC Πόρτο 2026;340;BARBOSA Jaime;3769;2;2;148;UMB ID;ΙΔΙΟ
I;WC Άγκυρα 2026;341;SENEL Furkan;1517;2;2;117;UMB ID;ΙΔΙΟ
I;WC Άγκυρα 2026;342;ERNST Dieter;2359;2;2;141;UMB ID;ΙΔΙΟ
I;WC Άγκυρα 2026;343;AZIMLI Semsettin;0380;2;2;125;UMB ID;ΙΔΙΟ
I;WC Άγκυρα 2026;344;OZCELIK Adem;0415;2;2;130;UMB ID;ΙΔΙΟ
I;WC Άγκυρα 2026;345;ADIGUZELOGLU Sezgin;2097;2;2;122;UMB ID;ΙΔΙΟ
I;WC Άγκυρα 2026;346;YUZEN Ender;3743;2;2;118;UMB ID;ΙΔΙΟ
I;WC Άγκυρα 2026;347;DOGAN Burak;3744;2;2;120;UMB ID;ΙΔΙΟ
I;WC Άγκυρα 2026;348;ERCIN Omer;3745;2;2;121;UMB ID;ΙΔΙΟ
I;WC Άγκυρα 2026;349;URHAN Gokhan;3746;2;2;123;UMB ID;ΙΔΙΟ
I;WC Άγκυρα 2026;350;ILIK Tarik;3747;2;2;124;UMB ID;ΙΔΙΟ
I;WC Άγκυρα 2026;351;YILMAZER Seckin;3748;2;2;134;UMB ID;ΙΔΙΟ
I;WC Άγκυρα 2026;352;FAKHOURY Paul;3750;2;2;142;UMB ID;ΙΔΙΟ
H;WC Χο Τσι Μινχ 2026;353;DUSON Thierry;2847;2;2;144;UMB ID;ΙΔΙΟ
H;WC Χο Τσι Μινχ 2026;354;YONEYAMA Satoru;0620;2;2;123;UMB ID;ΙΔΙΟ
H;WC Χο Τσι Μινχ 2026;355;SAWAOKA Masayuki;3270;2;2;129;UMB ID;ΙΔΙΟ
H;WC Χο Τσι Μινχ 2026;356;OOSAWA Takashi;3355;2;2;145;UMB ID;ΙΔΙΟ
H;WC Χο Τσι Μινχ 2026;357;HUNG Manh Tran;2713;2;2;124;UMB ID;ΙΔΙΟ
H;WC Χο Τσι Μινχ 2026;358;NGUYEN Thanh Liem;3607;2;2;118;UMB ID;ΙΔΙΟ
H;WC Χο Τσι Μινχ 2026;359;VO Cao Thang;3426;2;2;125;όνομα;ΙΔΙΟ
H;WC Χο Τσι Μινχ 2026;360;KIM Kap Se;2414;2;2;121;UMB ID;ΙΔΙΟ
H;WC Χο Τσι Μινχ 2026;361;THANG Quoc Vo;2724;2;2;135;UMB ID;ΙΔΙΟ
H;WC Χο Τσι Μινχ 2026;362;NGUYEN Viet Thu;3717;2;2;127;UMB ID;ΙΔΙΟ
H;WC Χο Τσι Μινχ 2026;363;LE THI Ngoc Hue;3718;2;2;130;όνομα;ΙΔΙΟ
H;WC Χο Τσι Μινχ 2026;364;LUONG Thi Thom;3719;2;2;136;όνομα;ΙΔΙΟ
H;WC Χο Τσι Μινχ 2026;365;PARK Jeongwoo;3720;2;2;138;όνομα;ΙΔΙΟ
H;WC Χο Τσι Μινχ 2026;366;PASCUAL Xavier;3721;2;2;139;UMB ID;ΙΔΙΟ
H;WC Χο Τσι Μινχ 2026;367;NGUYEN Thi Lien;3722;2;2;140;όνομα;ΙΔΙΟ
H;WC Χο Τσι Μινχ 2026;368;NGUYEN Ngoc Tri;2019;2;2;126;UMB ID;ΙΔΙΟ
G;WC Μπογκοτά 2026;369;MUNOZ Alexander;0836;2;2;118;UMB ID;ΙΔΙΟ
G;WC Μπογκοτά 2026;370;SANCHEZ Cristian;0798;2;2;136;όνομα;ΙΔΙΟ
G;WC Μπογκοτά 2026;371;RAMIREZ Eleazar;0372;2;2;119;UMB ID;ΙΔΙΟ
G;WC Μπογκοτά 2026;372;TRIGO Javier;0467;2;2;139;UMB ID;ΙΔΙΟ
G;WC Μπογκοτά 2026;373;TIRSO Gonzalez;3558;2;2;140;UMB ID;ΙΔΙΟ
G;WC Μπογκοτά 2026;374;JIMENEZ Arroyo David;3563;2;2;142;UMB ID;ΙΔΙΟ
G;WC Μπογκοτά 2026;375;DIAZ Javier;1294;2;2;123;UMB ID;ΙΔΙΟ
G;WC Μπογκοτά 2026;376;REYES PRIETO PONGUILLO Pedro;1605;2;2;117;UMB ID;ΙΔΙΟ
G;WC Μπογκοτά 2026;377;SOBARZO Marco;0234;2;2;126;UMB ID;ΙΔΙΟ
G;WC Μπογκοτά 2026;378;GONZALEZ Jose;3110;2;2;131;UMB ID;ΙΔΙΟ
G;WC Μπογκοτά 2026;379;PRIETO Fredy;3020;2;2;132;UMB ID;ΙΔΙΟ
G;WC Μπογκοτά 2026;380;AVEIGA Luis;0370;2;2;122;UMB ID;ΙΔΙΟ
G;WC Μπογκοτά 2026;381;SANCHEZ Ubaldo;3468;2;2;120;όνομα;ΙΔΙΟ
G;WC Μπογκοτά 2026;382;ROJAS Jefferson;3687;2;2;124;UMB ID;ΙΔΙΟ
G;WC Μπογκοτά 2026;383;LEON Nelson;3688;2;2;125;UMB ID;ΙΔΙΟ
G;WC Μπογκοτά 2026;384;ARIAS Camilo;3689;2;2;127;UMB ID;ΙΔΙΟ
G;WC Μπογκοτά 2026;385;ZAPATA David;3690;2;2;129;UMB ID;ΙΔΙΟ
G;WC Μπογκοτά 2026;386;SANDOVAL Johana;3691;2;2;130;όνομα;ΙΔΙΟ
G;WC Μπογκοτά 2026;387;RAMIREZ David;3253;2;2;133;UMB ID;ΙΔΙΟ
G;WC Μπογκοτά 2026;388;MELO Mejia Hector;3692;2;2;135;UMB ID;ΙΔΙΟ
G;WC Μπογκοτά 2026;389;SANTIAGO Martinez;3693;2;2;137;όνομα;ΙΔΙΟ
G;WC Μπογκοτά 2026;390;HUMBERTO Gomez;3694;2;2;138;UMB ID;ΙΔΙΟ
G;WC Μπογκοτά 2026;391;YURDAAY Murat;3696;2;2;143;UMB ID;ΙΔΙΟ
G;WC Μπογκοτά 2026;392;MANZANAREZ Ozuna Edgar;3697;2;2;144;UMB ID;ΙΔΙΟ
G;WC Μπογκοτά 2026;393;TOLIOS Spartakos;3698;2;2;145;UMB ID;ΙΔΙΟ
G;WC Μπογκοτά 2026;394;RONCANCIO Jorge;3699;2;2;146;UMB ID;ΙΔΙΟ
F;WC Σαρμ 2025;395;LEE Taeyeon;3605;2;2;133;UMB ID;ΙΔΙΟ
F;WC Σαρμ 2025;396;OZSOMER Murat;3348;2;2;126;UMB ID;ΙΔΙΟ
F;WC Σαρμ 2025;397;SECER Zahir;3350;2;2;138;UMB ID;ΙΔΙΟ
F;WC Σαρμ 2025;398;OKTORVACI Ugur;2687;2;2;120;UMB ID;ΙΔΙΟ
F;WC Σαρμ 2025;399;GEYIK Cem;2849;2;2;129;όνομα;ΙΔΙΟ
F;WC Σαρμ 2025;400;KAMAL Samer;1666;2;2;119;UMB ID;ΙΔΙΟ
F;WC Σαρμ 2025;401;ZAGHLOUL Hesham;1633;2;2;145;UMB ID;ΙΔΙΟ
F;WC Σαρμ 2025;402;ABDIN Salah;0383;2;2;132;UMB ID;ΙΔΙΟ
F;WC Σαρμ 2025;403;TABAK Badr;3345;2;2;121;UMB ID;ΙΔΙΟ
F;WC Σαρμ 2025;404;TIRANNO Giuseppe;1590;2;2;139;UMB ID;ΙΔΙΟ
F;WC Σαρμ 2025;405;ALAA Moustafa Aly;3530;2;2;143;UMB ID;ΙΔΙΟ
F;WC Σαρμ 2025;406;EMAM Ahmed;0376;2;2;123;UMB ID;ΙΔΙΟ
F;WC Σαρμ 2025;407;SHERIF Mohamed;3200;2;2;137;UMB ID;ΙΔΙΟ
F;WC Σαρμ 2025;408;HELWE Ahmad;2501;2;2;148;UMB ID;ΙΔΙΟ
F;WC Σαρμ 2025;409;BAYINDIR Samet;3668;2;2;124;UMB ID;ΙΔΙΟ
F;WC Σαρμ 2025;410;MARC Van Den Burg;3669;2;2;127;UMB ID;ΙΔΙΟ
F;WC Σαρμ 2025;411;TOLGA Yucekul;3670;2;2;135;UMB ID;ΙΔΙΟ
F;WC Σαρμ 2025;412;KURTULUS Besim;3672;2;2;144;UMB ID;ΙΔΙΟ
F;WC Σαρμ 2025;413;RIVIERRE Alain;3673;2;2;146;UMB ID;ΙΔΙΟ
F;WC Σαρμ 2025;414;RASEM Ali;3440;2;2;140;UMB ID;ΙΔΙΟ
E;WC Σεούλ 2025;415;KOYUNCUOGLU Saadet Ipek;3409;2;2;147;UMB ID;ΙΔΙΟ
E;WC Σεούλ 2025;416;SON Pham Van;3154;2;2;141;UMB ID;ΙΔΙΟ
E;WC Σεούλ 2025;417;PARK Sang June;3102;2;2;118;UMB ID;ΙΔΙΟ
E;WC Σεούλ 2025;418;JEONG Yeok Geun;3358;2;2;117;UMB ID;ΙΔΙΟ
E;WC Σεούλ 2025;419;INOUE Makiko;2838;2;2;145;όνομα;ΙΔΙΟ
E;WC Σεούλ 2025;420;YEHIA Adham;2805;2;2;144;UMB ID;ΙΔΙΟ
E;WC Σεούλ 2025;421;YOON Young Soo;2479;2;2;143;UMB ID;ΙΔΙΟ
E;WC Σεούλ 2025;422;OZKAL Yalcin;3152;2;2;127;UMB ID;ΙΔΙΟ
E;WC Σεούλ 2025;423;TRUONG Huynh Quoc Dat;3336;2;2;139;UMB ID;ΙΔΙΟ
E;WC Σεούλ 2025;424;NGUYEN Huu Thanh;2020;2;2;120;όνομα;ΙΔΙΟ
E;WC Σεούλ 2025;425;KIM Jae Jung;2832;2;2;124;UMB ID;ΙΔΙΟ
E;WC Σεούλ 2025;426;NISHIMOTO Yuko;1241;2;2;121;UMB ID;ΙΔΙΟ
E;WC Σεούλ 2025;427;CHOI Bom E;7382;2;2;119;UMB ID;ΙΔΙΟ
E;WC Σεούλ 2025;428;SONG Sock Kyu;3658;2;2;122;UMB ID;ΙΔΙΟ
E;WC Σεούλ 2025;429;PEREYRA Juanjo;3659;2;2;123;UMB ID;ΙΔΙΟ
E;WC Σεούλ 2025;430;MAS Cesar;3660;2;2;129;UMB ID;ΙΔΙΟ
E;WC Σεούλ 2025;431;KWON Minsu;3661;2;2;130;UMB ID;ΙΔΙΟ
E;WC Σεούλ 2025;432;LALINDE Claudia;7193;2;2;131;UMB ID;ΙΔΙΟ
E;WC Σεούλ 2025;433;KIM Youn Seok;3663;2;2;137;UMB ID;ΙΔΙΟ
E;WC Σεούλ 2025;434;KIM Hyeon Jong;3359;2;2;134;UMB ID;ΙΔΙΟ
E;WC Σεούλ 2025;435;DOGANOGLU Adem;3262;2;2;140;όνομα;ΙΔΙΟ
D;WC Αντβέρπ 2025;436;ANDERSEN Thomas;0204;2;2;138;όνομα;ΙΔΙΟ
D;WC Αντβέρπ 2025;437;BAHAMONDES Luis;2561;2;2;137;UMB ID;ΙΔΙΟ
D;WC Αντβέρπ 2025;438;SCHENKEL Andreas;3166;2;2;130;UMB ID;ΙΔΙΟ
D;WC Αντβέρπ 2025;439;OLIVETO Valentino;2580;2;2;133;UMB ID;ΙΔΙΟ
D;WC Αντβέρπ 2025;440;FERRARA Giuseppe;2085;2;2;146;UMB ID;ΙΔΙΟ
D;WC Αντβέρπ 2025;441;SPOORMANS Martin;0662;2;2;122;UMB ID;ΙΔΙΟ
D;WC Αντβέρπ 2025;442;CELEN Marc;1220;2;2;147;UMB ID;ΙΔΙΟ
D;WC Αντβέρπ 2025;443;MENHEER Leslie;1770;2;2;131;UMB ID;ΙΔΙΟ
C;WC Πόρτο 2025;444;CUNHA Fernando;0474;2;2;123;UMB ID;ΙΔΙΟ
C;WC Πόρτο 2025;445;VITORINO Alexandre;1969;2;2;124;UMB ID;ΙΔΙΟ
C;WC Πόρτο 2025;446;CORREIA Antonio;3303;2;2;125;UMB ID;ΙΔΙΟ
C;WC Πόρτο 2025;447;GOMES Vasco;0355;2;2;118;UMB ID;ΙΔΙΟ
C;WC Πόρτο 2025;448;MAIA Fernando;1291;2;2;128;UMB ID;ΙΔΙΟ
C;WC Πόρτο 2025;449;CARDOSO Jose;1299;2;2;126;όνομα;ΙΔΙΟ
C;WC Πόρτο 2025;450;PORIDIS Vasil;2187;2;2;130;UMB ID;ΙΔΙΟ
C;WC Πόρτο 2025;451;PINTO Vitor;2454;2;2;127;όνομα;ΙΔΙΟ
C;WC Πόρτο 2025;452;CASADO ALVAREZ Jose Angel;3639;2;2;145;UMB ID;ΙΔΙΟ
C;WC Πόρτο 2025;453;AZEVEDO Antonio;3307;2;2;147;UMB ID;ΙΔΙΟ
B;WC Άγκυρα 2025;454;KARAM Peter;3611;2;2;132;UMB ID;ΙΔΙΟ
B;WC Άγκυρα 2025;455;MIGUEL Angel Ruiz;3559;2;2;118;UMB ID;ΙΔΙΟ
B;WC Άγκυρα 2025;456;AKTI Erkan;0567;2;2;133;UMB ID;ΙΔΙΟ
B;WC Άγκυρα 2025;457;YILMAZ Savas;2166;2;2;122;UMB ID;ΙΔΙΟ
B;WC Άγκυρα 2025;458;GAYRET Emin;0608;2;2;128;UMB ID;ΙΔΙΟ
B;WC Άγκυρα 2025;459;KASAPOGLU Mehmet;3630;2;2;123;UMB ID;ΙΔΙΟ
B;WC Άγκυρα 2025;460;SCHULZ Stephan;3632;2;2;131;UMB ID;ΙΔΙΟ
C;WC Πόρτο 2025;461;CAN Cengiz;3408;2;2;143;UMB ID;ΙΔΙΟ
D;WC Αντβέρπ 2025;461;CAN Cengiz;3408;2;2;144;UMB ID;ΙΔΙΟ
E;WC Σεούλ 2025;461;CAN Cengiz;3408;-8;;;;ΠΟΙΝΗ ΑΠΟΥΣΙΑΣ (δεν την έχουμε)
G;WC Μπογκοτά 2026;461;CAN Cengiz;3408;3;3;116;UMB ID;ΙΔΙΟ
J;WC Πόρτο 2026;461;CAN Cengiz;3408;2;2;132;UMB ID;ΙΔΙΟ
B;WC Άγκυρα 2025;462;LUAN Nguyen Dinh;3233;2;2;127;UMB ID;ΙΔΙΟ
C;WC Πόρτο 2025;462;LUAN Nguyen Dinh;3233;3;3;93;UMB ID;ΙΔΙΟ
D;WC Αντβέρπ 2025;462;LUAN Nguyen Dinh;3233;3;3;101;UMB ID;ΙΔΙΟ
E;WC Σεούλ 2025;462;LUAN Nguyen Dinh;3233;3;3;112;UMB ID;ΙΔΙΟ
F;WC Σαρμ 2025;462;LUAN Nguyen Dinh;3233;3;3;93;UMB ID;ΙΔΙΟ
H;WC Χο Τσι Μινχ 2026;462;LUAN Nguyen Dinh;3233;3;3;95;UMB ID;ΙΔΙΟ
I;WC Άγκυρα 2026;462;LUAN Nguyen Dinh;3233;-16;;;;ΠΟΙΝΗ ΑΠΟΥΣΙΑΣ (δεν την έχουμε)
G;WC Μπογκοτά 2026;463;PIZA Alejandro;0386;8;8;30;UMB ID;ΙΔΙΟ
H;WC Χο Τσι Μινχ 2026;463;PIZA Alejandro;0386;5;5;34;UMB ID;ΙΔΙΟ
I;WC Άγκυρα 2026;463;PIZA Alejandro;0386;-16;;;;ΠΟΙΝΗ ΑΠΟΥΣΙΑΣ (δεν την έχουμε)
J;WC Πόρτο 2026;463;PIZA Alejandro;0386;3;3;92;UMB ID;ΙΔΙΟ
B;WC Άγκυρα 2025;3292;BULUT Recep;2516;4;4;64;UMB ID;ΙΔΙΟ
G;WC Μπογκοτά 2026;3292;BULUT Recep;2516;-8;;;;ΠΟΙΝΗ ΑΠΟΥΣΙΑΣ (δεν την έχουμε)
K;WC Λιρ 2026;3292;BULUT Recep;2516;2;2;124;UMB ID;ΙΔΙΟ
B;WC Άγκυρα 2025;3293;SPRUZINA Frank;0267;3;3;117;UMB ID;ΙΔΙΟ
D;WC Αντβέρπ 2025;3293;SPRUZINA Frank;0267;3;3;117;UMB ID;ΙΔΙΟ
E;WC Σεούλ 2025;3293;SPRUZINA Frank;0267;-8;;;;ΠΟΙΝΗ ΑΠΟΥΣΙΑΣ (δεν την έχουμε)
B;WC Άγκυρα 2025;3294;LINDEMANN Ronny;0215;5;5;46;UMB ID;ΙΔΙΟ
C;WC Πόρτο 2025;3294;LINDEMANN Ronny;0215;4;4;65;UMB ID;ΙΔΙΟ
D;WC Αντβέρπ 2025;3294;LINDEMANN Ronny;0215;4;4;57;UMB ID;ΙΔΙΟ
F;WC Σαρμ 2025;3294;LINDEMANN Ronny;0215;-16;;;;ΠΟΙΝΗ ΑΠΟΥΣΙΑΣ (δεν την έχουμε)
E;WC Σεούλ 2025;3295;CAVUSOGLU Muhammed;0349;-16;;;;ΠΟΙΝΗ ΑΠΟΥΣΙΑΣ (δεν την έχουμε)
H;WC Χο Τσι Μινχ 2026;3295;CAVUSOGLU Muhammed;0349;2;2;117;UMB ID;ΙΔΙΟ
I;WC Άγκυρα 2026;3295;CAVUSOGLU Muhammed;0349;3;3;90;UMB ID;ΙΔΙΟ
J;WC Πόρτο 2026;3295;CAVUSOGLU Muhammed;0349;4;4;78;UMB ID;ΙΔΙΟ
K;WC Λιρ 2026;3295;CAVUSOGLU Muhammed;0349;2;2;118;UMB ID;ΙΔΙΟ
D;WC Αντβέρπ 2025;3296;MARECHAL Gwendal;2341;4;4;61;UMB ID;ΙΔΙΟ
E;WC Σεούλ 2025;3296;MARECHAL Gwendal;2341;5;5;34;UMB ID;ΙΔΙΟ
F;WC Σαρμ 2025;3296;MARECHAL Gwendal;2341;5;5;39;UMB ID;ΙΔΙΟ
G;WC Μπογκοτά 2026;3296;MARECHAL Gwendal;2341;5;5;39;UMB ID;ΙΔΙΟ
H;WC Χο Τσι Μινχ 2026;3296;MARECHAL Gwendal;2341;-16;;;;ΠΟΙΝΗ ΑΠΟΥΣΙΑΣ (δεν την έχουμε)
J;WC Πόρτο 2026;3296;MARECHAL Gwendal;2341;-8;;;;ΠΟΙΝΗ ΑΠΟΥΣΙΑΣ (δεν την έχουμε)
B;WC Άγκυρα 2025;3297;JUNHYEOK Pyeon;3634;-8;;;;ΠΟΙΝΗ ΑΠΟΥΣΙΑΣ (δεν την έχουμε)
H;WC Χο Τσι Μινχ 2026;3297;JUNHYEOK Pyeon;3634;3;3;90;UMB ID;ΙΔΙΟ
D;WC Αντβέρπ 2025;3298;ANAHMIAS Yovi;3641;2;2;143;όνομα;ΙΔΙΟ
K;WC Λιρ 2026;3298;ANAHMIAS Yovi;3641;-8;;;;ΠΟΙΝΗ ΑΠΟΥΣΙΑΣ (δεν την έχουμε)
B;WC Άγκυρα 2025;3299;NAPOLONI Theo;3446;2;2;146;UMB ID;ΙΔΙΟ
J;WC Πόρτο 2026;3299;NAPOLONI Theo;3446;-8;;;;ΠΟΙΝΗ ΑΠΟΥΣΙΑΣ (δεν την έχουμε)
D;WC Αντβέρπ 2025;3300;BARTSOKAS Konstantinos;0258;2;2;132;όνομα;ΙΔΙΟ
I;WC Άγκυρα 2026;3300;BARTSOKAS Konstantinos;0258;-8;;;;ΠΟΙΝΗ ΑΠΟΥΣΙΑΣ (δεν την έχουμε)
B;WC Άγκυρα 2025;3301;MAHDI Fneish;2365;-8;;;;ΠΟΙΝΗ ΑΠΟΥΣΙΑΣ (δεν την έχουμε)
F;WC Σαρμ 2025;3301;MAHDI Fneish;2365;2;2;147;UMB ID;ΙΔΙΟ
K;WC Λιρ 2026;3302;KARACA Cengiz;0236;-8;;;;ΠΟΙΝΗ ΑΠΟΥΣΙΑΣ (δεν την έχουμε)
J;WC Πόρτο 2026;3303;ALEXANDROPOULOS Stefanos;3723;-8;;;;ΠΟΙΝΗ ΑΠΟΥΣΙΑΣ (δεν την έχουμε)
J;WC Πόρτο 2026;3304;CETIN Mustafa;3770;-8;;;;ΠΟΙΝΗ ΑΠΟΥΣΙΑΣ (δεν την έχουμε)
I;WC Άγκυρα 2026;3305;SELEVENTAS Charis;1997;-8;;;;ΠΟΙΝΗ ΑΠΟΥΣΙΑΣ (δεν την έχουμε)
G;WC Μπογκοτά 2026;3306;SANCHEZ Faraco Jaime;0989;-8;;;;ΠΟΙΝΗ ΑΠΟΥΣΙΑΣ (δεν την έχουμε)
G;WC Μπογκοτά 2026;3307;KESKIN Harun;3702;-8;;;;ΠΟΙΝΗ ΑΠΟΥΣΙΑΣ (δεν την έχουμε)
B;WC Άγκυρα 2025;3308;TACHOIRE Adrien;0838;3;3;107;UMB ID;ΙΔΙΟ
C;WC Πόρτο 2025;3308;TACHOIRE Adrien;0838;4;4;60;UMB ID;ΙΔΙΟ
E;WC Σεούλ 2025;3308;TACHOIRE Adrien;0838;-8;;;;ΠΟΙΝΗ ΑΠΟΥΣΙΑΣ (δεν την έχουμε)
I;WC Άγκυρα 2026;3308;TACHOIRE Adrien;0838;-8;;;;ΠΟΙΝΗ ΑΠΟΥΣΙΑΣ (δεν την έχουμε)
B;WC Άγκυρα 2025;3309;AGUILAR Mauricio;0291;2;2;124;UMB ID;ΙΔΙΟ
E;WC Σεούλ 2025;3309;AGUILAR Mauricio;0291;2;2;126;UMB ID;ΙΔΙΟ
H;WC Χο Τσι Μινχ 2026;3309;AGUILAR Mauricio;0291;2;2;120;UMB ID;ΙΔΙΟ
I;WC Άγκυρα 2026;3309;AGUILAR Mauricio;0291;-16;;;;ΠΟΙΝΗ ΑΠΟΥΣΙΑΣ (δεν την έχουμε)
E;WC Σεούλ 2025;3310;GOKSU Volkan;3138;-16;;;;ΠΟΙΝΗ ΑΠΟΥΣΙΑΣ (δεν την έχουμε)
H;WC Χο Τσι Μινχ 2026;3310;GOKSU Volkan;3138;2;2;134;UMB ID;ΙΔΙΟ
J;WC Πόρτο 2026;3310;GOKSU Volkan;3138;2;2;121;UMB ID;ΙΔΙΟ
G;WC Μπογκοτά 2026;3311;CASTRILLON Arley;0387;2;2;121;UMB ID;ΙΔΙΟ
I;WC Άγκυρα 2026;3311;CASTRILLON Arley;0387;-16;;;;ΠΟΙΝΗ ΑΠΟΥΣΙΑΣ (δεν την έχουμε)
B;WC Άγκυρα 2025;3312;GENC Burhan;1510;2;2;126;UMB ID;ΙΔΙΟ
I;WC Άγκυρα 2026;3312;GENC Burhan;1510;-16;;;;ΠΟΙΝΗ ΑΠΟΥΣΙΑΣ (δεν την έχουμε)
E;WC Σεούλ 2025;3313;TURAN Halis;3664;2;2;142;UMB ID;ΙΔΙΟ
G;WC Μπογκοτά 2026;3313;TURAN Halis;3664;-8;;;;ΠΟΙΝΗ ΑΠΟΥΣΙΑΣ (δεν την έχουμε)
H;WC Χο Τσι Μινχ 2026;3313;TURAN Halis;3664;-8;;;;ΠΟΙΝΗ ΑΠΟΥΣΙΑΣ (δεν την έχουμε)
J;WC Πόρτο 2026;3314;OZEN Mohamed;3771;-16;;;;ΠΟΙΝΗ ΑΠΟΥΣΙΑΣ (δεν την έχουμε)
I;WC Άγκυρα 2026;3315;LEAL MUNIZ Gustavo;3752;-16;;;;ΠΟΙΝΗ ΑΠΟΥΣΙΑΣ (δεν την έχουμε)
G;WC Μπογκοτά 2026;3316;AYDIN Ercan;3459;-8;;;;ΠΟΙΝΗ ΑΠΟΥΣΙΑΣ (δεν την έχουμε)
H;WC Χο Τσι Μινχ 2026;3316;AYDIN Ercan;3459;-8;;;;ΠΟΙΝΗ ΑΠΟΥΣΙΑΣ (δεν την έχουμε)
G;WC Μπογκοτά 2026;3317;BLANDON Ivan;3045;-16;;;;ΠΟΙΝΗ ΑΠΟΥΣΙΑΣ (δεν την έχουμε)
G;WC Μπογκοτά 2026;3318;CARRANCO Ricardo;2221;-16;;;;ΠΟΙΝΗ ΑΠΟΥΣΙΑΣ (δεν την έχουμε)
G;WC Μπογκοτά 2026;3319;KRUZLIC Robert;1588;-16;;;;ΠΟΙΝΗ ΑΠΟΥΣΙΑΣ (δεν την έχουμε)
G;WC Μπογκοτά 2026;3320;TRUONG Khai;3700;-16;;;;ΠΟΙΝΗ ΑΠΟΥΣΙΑΣ (δεν την έχουμε)
G;WC Μπογκοτά 2026;3321;LATSCH Klaus;3701;-16;;;;ΠΟΙΝΗ ΑΠΟΥΣΙΑΣ (δεν την έχουμε)
E;WC Σεούλ 2025;3322;SEVINCLI Aydin;3665;-16;;;;ΠΟΙΝΗ ΑΠΟΥΣΙΑΣ (δεν την έχουμε)
B;WC Άγκυρα 2025;3323;KIM Jun Tae;0601;-8;;;;ΠΟΙΝΗ ΑΠΟΥΣΙΑΣ (δεν την έχουμε)
C;WC Πόρτο 2025;3323;KIM Jun Tae;0601;-8;;;;ΠΟΙΝΗ ΑΠΟΥΣΙΑΣ (δεν την έχουμε)
B;WC Άγκυρα 2025;3324;TRAN Duc Minh;2009;-8;;;;ΠΟΙΝΗ ΑΠΟΥΣΙΑΣ (δεν την έχουμε)
C;WC Πόρτο 2025;3324;TRAN Duc Minh;2009;-8;;;;ΠΟΙΝΗ ΑΠΟΥΣΙΑΣ (δεν την έχουμε)
B;WC Άγκυρα 2025;3325;CELIK Sabir;2675;-16;;;;ΠΟΙΝΗ ΑΠΟΥΣΙΑΣ (δεν την έχουμε)
